file_idx,smiles,am1_barrier,dft_barrier,split
1,C(=C(C(=O)C)C)(C)C,27.6182163228,18.4326829195,train
2,C(=C(C=O)C)(C)C,24.2660956009,15.6389624227,test
3,C(=C(C(=O)N)C)(C)C,31.3981517369,24.6868778295,train
4,C(=C(C(=O)NC)C)(C)C,32.6356193092,26.5783112387,train
5,C(=C(C(=O)Nc1ccccc1)C)(C)C,29.930246213,23.009388128,train
6,C(=C(C(=O)N(C)C)C)(C)C,32.8789203441,31.1710380191,train
7,C(=C(C(=O)OC)C)(C)C,24.116616079,18.9449571812,train
8,C(=C(C(=O)c1ccccc1)C)(C)C,27.2726688384,18.8991282817,train
9,C(=C(C(=O)C)Cl)(C)C,21.5947620465,13.0712833887,train
10,C(=C(C=O)Cl)(C)C,18.8541656384,10.8029357864,train
11,C(=C(C(=O)N)Cl)(C)C,23.427366686,16.7767080077,train
12,C(=C(C(=O)NC)Cl)(C)C,23.8291402289,18.2507955332,train
13,C(=C(C(=O)Nc1ccccc1)Cl)(C)C,21.4342972657,14.9945741987,train
14,C(=C(C(=O)N(C)C)Cl)(C)C,27.0089456223,27.5502970586,test
15,C(=C(C(=O)OC)Cl)(C)C,20.0133377494,14.7884586718,train
16,C(=C(C(=O)c1ccccc1)Cl)(C)C,22.1196118066,17.1333850204,train
17,C(=C(C(=O)C)Br)(C)C,21.5312626295,12.8566054951,train
18,C(=C(C=O)Br)(C)C,16.2659437626,10.1390376654,train
19,C(=C(C(=O)N)Br)(C)C,22.5999776132,16.849147074,train
20,C(=C(C(=O)NC)Br)(C)C,23.0943535581,18.172633581,train
21,C(=C(C(=O)Nc1ccccc1)Br)(C)C,21.2387998116,14.784678555,test
22,C(=C(C(=O)N(C)C)Br)(C)C,25.5093453657,24.4045619444,test
23,C(=C(C(=O)OC)Br)(C)C,19.8785661962,14.1200832708,train
24,C(=C(C(=O)c1ccccc1)Br)(C)C,21.2220627366,16.3341939741,train
25,C(=C(C(=O)C)c1ccccc1)(C)C,25.1376735691,16.3043025604,train
26,C(=C(C=O)c1ccccc1)(C)C,22.300701196,13.513056961,train
27,C(=C(C(=O)N)c1ccccc1)(C)C,28.9436076094,24.6792171939,train
28,C(=C(C(=O)NC)c1ccccc1)(C)C,29.1220238407,24.3110078122,train
29,CC(C)=C(C(=O)Nc1ccccc1)c1ccccc1,27.6683999502,20.4899055867,train
30,C(=C(C(=O)N(C)C)c1ccccc1)(C)C,29.1301881827,26.9793933316,train
31,C(=C(C(=O)OC)c1ccccc1)(C)C,22.0924448822,17.5933990381,train
32,C(=C(C(=O)c1ccccc1)c1ccccc1)(C)C,25.5222189181,18.565558678,train
33,C(=CC(=O)C)(C)C,25.5639690806,16.344583021,train
34,C(=CC=O)(C)C,23.6497018644,14.9434798674,train
35,C(=CC(=O)N)(C)C,30.9477859137,18.8421309688,train
36,C(=CC(=O)NC)(C)C,31.3911300893,20.1809588272,test
37,C(=CC(=O)Nc1ccccc1)(C)C,26.8205892079,16.5071776285,train
38,C(=CC(=O)N(C)C)(C)C,28.5641982981,21.2736140915,train
39,C(=CC(=O)OC)(C)C,23.6815550809,18.4752299443,train
40,C(=CC(=O)c1ccccc1)(C)C,24.0761753642,13.2165612446,train
41,C(=C(\C(=O)C)/C)(/C)\Cl,25.5690034949,18.2112480038,train
42,C(=C(\C=O)/C)(/C)\Cl,20.7618570584,15.1216423572,train
43,C(=C(\C(=O)N)/C)(/C)\Cl,26.8672882676,22.017652075,train
44,C(=C(\C(=O)NC)/C)(/C)\Cl,27.1721385272,23.361980054,train
45,C(=C(\C(=O)Nc1ccccc1)/C)(/C)\Cl,25.018207789,18.8143184937,train
46,C(=C(\C(=O)N(C)C)/C)(/C)\Cl,31.3816420497,29.7389183271,train
47,C(=C(\C(=O)OC)/C)(/C)\Cl,22.1715542211,18.5187345487,train
48,C(=C(\C(=O)c1ccccc1)/C)(/C)\Cl,28.2563559225,20.2667556876,train
49,C(=C(\C(=O)C)/Cl)(/C)\Cl,22.2848196235,13.191093145,train
50,C(=C(\C=O)/Cl)(/C)\Cl,14.5328628854,10.0846012186,train
51,C(=C(\C(=O)N)/Cl)(/C)\Cl,22.9811759422,17.0511298234,train
52,C(=C(\C(=O)NC)/Cl)(/C)\Cl,21.2078480498,17.994684444,train
53,C(=C(\C(=O)Nc1ccccc1)/Cl)(/C)\Cl,21.6838593138,14.8170078428,train
54,C(=C(\C(=O)N(C)C)/Cl)(/C)\Cl,24.5385731771,25.4254382828,train
55,C(=C(\C(=O)OC)/Cl)(/C)\Cl,17.1350522888,14.7433696062,train
56,C(=C(\C(=O)c1ccccc1)/Cl)(/C)\Cl,22.4703818833,17.6560113058,train
57,C(=C(\C(=O)C)/Br)(/C)\Cl,20.8391935448,14.0533727387,train
58,C(=C(\C=O)/Br)(/C)\Cl,16.8110933441,9.7362644343,train
59,C(=C(\C(=O)N)/Br)(/C)\Cl,19.7239273206,17.2708773659,train
60,C(=C(\C(=O)NC)/Br)(/C)\Cl,20.6655029831,18.581192449,test
61,C(=C(\C(=O)Nc1ccccc1)/Br)(/C)\Cl,19.3003077724,14.5233710596,train
62,C(=C(\C(=O)N(C)C)/Br)(/C)\Cl,22.8870805638,25.4930649788,train
63,C(=C(\C(=O)OC)/Br)(/C)\Cl,14.68674263,16.4568532511,train
64,C(=C(\C(=O)c1ccccc1)/Br)(/C)\Cl,20.0187419736,18.3657558964,train
65,C(=C(\C(=O)C)/c1ccccc1)(/C)\Cl,24.901741985,17.7213180995,train
66,C(=C(\C=O)/c1ccccc1)(/C)\Cl,18.0452534713,13.2743398069,train
67,C(=C(\C(=O)N)/c1ccccc1)(/C)\Cl,25.0895963747,19.5907648315,train
68,C(=C(\C(=O)NC)/c1ccccc1)(/C)\Cl,25.0199255232,20.5050360951,train
69,C(=C(\C(=O)Nc1ccccc1)/c1ccccc1)(/C)\Cl,23.4160990073,16.4965181251,train
70,C(=C(\C(=O)N(C)C)/c1ccccc1)(/C)\Cl,28.7771433188,26.1152719975,train
71,C(=C(\C(=O)OC)/c1ccccc1)(/C)\Cl,20.4614620871,18.0964225552,train
72,C(=C(\C(=O)c1ccccc1)/c1ccccc1)(/C)\Cl,27.5229401368,16.992746342,train
73,C(=C\C(=O)C)(/C)\Cl,23.1578429018,13.8854681461,test
74,C(=C\C=O)(/C)\Cl,20.1621055614,13.0089566377,train
75,C(=C\C(=O)N)(/C)\Cl,25.1686832777,19.8895622528,train
76,C(=C\C(=O)NC)(/C)\Cl,25.5051147329,20.0746035014,train
77,C(=C\C(=O)Nc1ccccc1)(/C)\Cl,23.438800903,17.0596055939,train
78,C(=C\C(=O)N(C)C)(/C)\Cl,27.6952648614,23.4992973245,train
79,C(=C\C(=O)OC)(/C)\Cl,20.3273375729,16.6763905782,train
80,C(=C\C(=O)c1ccccc1)(/C)\Cl,23.4231596353,12.3984859284,train
81,C(=C(\C(=O)C)/C)(/C)\Br,30.2610309931,18.1942512826,train
82,C(=C(\C=O)/C)(/C)\Br,23.8426319897,15.3887693751,test
83,C(=C(\C(=O)N)/C)(/C)\Br,28.7648150199,21.1366745819,train
84,C(=C(\C(=O)NC)/C)(/C)\Br,28.1533976128,22.2427416056,train
85,C(=C(\C(=O)Nc1ccccc1)/C)(/C)\Br,26.2038539667,18.0829938527,train
86,C(=C(\C(=O)N(C)C)/C)(/C)\Br,32.4826527869,29.3328833019,train
87,C(=C(\C(=O)OC)/C)(/C)\Br,25.100069681,17.6841990315,train
88,C(=C(\C(=O)c1ccccc1)/C)(/C)\Br,30.3401095359,20.0518048272,train
89,C(=C(\C(=O)C)/Cl)(/C)\Br,25.3846786419,13.4034988268,test
90,C(=C(\C=O)/Cl)(/C)\Br,17.0968973154,9.5259671841,train
91,C(=C(\C(=O)N)/Cl)(/C)\Br,24.827143906,19.5533301261,train
92,C(=C(\C(=O)NC)/Cl)(/C)\Br,25.2603400579,18.1672872,train
93,C(=C(\C(=O)Nc1ccccc1)/Cl)(/C)\Br,22.4679434064,14.1340767319,test
94,C(=C(\C(=O)N(C)C)/Cl)(/C)\Br,27.322509533,24.5050262114,train
95,C(=C(\C(=O)OC)/Cl)(/C)\Br,20.4429530559,15.3120375168,train
96,C(=C(\C(=O)c1ccccc1)/Cl)(/C)\Br,25.6081879139,16.0842193,train
97,C(=C(\C(=O)C)/Br)(/C)\Br,22.5611891438,13.7249405555,train
98,C(=C(\C=O)/Br)(/C)\Br,15.7356058876,8.8576695949,train
99,C(=C(\C(=O)N)/Br)(/C)\Br,21.3573313356,17.1780373388,train
100,C(=C(\C(=O)NC)/Br)(/C)\Br,21.8934105997,18.5802951106,train
101,C(=C(\C(=O)Nc1ccccc1)/Br)(/C)\Br,19.5799521108,13.5307075475,test
102,C(=C(\C(=O)N(C)C)/Br)(/C)\Br,24.7331465998,25.2929208319,train
103,C(=C(\C(=O)OC)/Br)(/C)\Br,17.5717271973,14.7919639392,train
104,C(=C(\C(=O)c1ccccc1)/Br)(/C)\Br,23.7104983432,18.7980408982,test
105,C(=C(\C(=O)C)/c1ccccc1)(/C)\Br,27.5349561024,18.5477461942,train
106,C(=C(\C=O)/c1ccccc1)(/C)\Br,19.2877763023,12.8080362615,train
107,C(=C(\C(=O)N)/c1ccccc1)(/C)\Br,26.5449614753,18.9409373557,test
108,C(=C(\C(=O)NC)/c1ccccc1)(/C)\Br,26.4586706106,18.9584197693,test
109,C(=C(\C(=O)Nc1ccccc1)/c1ccccc1)(/C)\Br,25.1570543472,15.8653941967,train
110,C(=C(\C(=O)N(C)C)/c1ccccc1)(/C)\Br,30.3174741499,25.7850263115,train
111,C(=C(\C(=O)OC)/c1ccccc1)(/C)\Br,22.6819380187,17.5915409826,train
112,C(=C(\C(=O)c1ccccc1)/c1ccccc1)(/C)\Br,29.7097180416,16.6973901826,train
113,C(=C\C(=O)C)(/C)\Br,24.9279392647,13.6372963067,train
114,C(=C\C=O)(/C)\Br,22.0117639057,12.2002494104,train
115,C(=C\C(=O)N)(/C)\Br,26.732140043,18.4993903145,train
116,C(=C\C(=O)NC)(/C)\Br,26.8181898761,19.0618647062,train
117,C(=C\C(=O)Nc1ccccc1)(/C)\Br,24.6954475104,15.8323495471,train
118,C(=C\C(=O)N(C)C)(/C)\Br,28.8818561646,19.2373414555,train
119,C(=C\C(=O)OC)(/C)\Br,23.135734526,17.8728409296,train
120,C(=C\C(=O)c1ccccc1)(/C)\Br,25.3717660492,14.9938525628,train
121,C(=C(\C(=O)C)/C)(/C)\c1ccccc1,34.6499653233,22.1196399346,train
122,C(=C(\C=O)/C)(/C)\c1ccccc1,28.5257560448,18.8154178903,train
123,C(=C(\C(=O)N)/C)(/C)\c1ccccc1,36.9118159775,27.3291765251,test
124,C(=C(\C(=O)NC)/C)(/C)\c1ccccc1,36.9336568937,29.6705116369,train
125,C(=C(\C(=O)Nc1ccccc1)/C)(/C)\c1ccccc1,34.0164906324,25.5969447796,train
126,C(=C(\C(=O)N(C)C)/C)(/C)\c1ccccc1,38.514850864,37.2588312219,train
127,C(=C(\C(=O)OC)/C)(/C)\c1ccccc1,30.3819064592,22.8400390087,train
128,C(=C(\C(=O)c1ccccc1)/C)(/C)\c1ccccc1,34.7216935327,23.1161940055,train
129,C(=C(\C(=O)C)/Cl)(/C)\c1ccccc1,27.33740911,18.8751699702,train
130,C(=C(\C=O)/Cl)(/C)\c1ccccc1,23.2608163197,14.1911361686,train
131,C(=C(\C(=O)N)/Cl)(/C)\c1ccccc1,30.7270844937,20.2108445935,train
132,C(=C(\C(=O)NC)/Cl)(/C)\c1ccccc1,30.4075347196,22.252361326,test
133,C(=C(\C(=O)Nc1ccccc1)/Cl)(/C)\c1ccccc1,27.7869978774,18.5113443698,train
134,C(=C(\C(=O)N(C)C)/Cl)(/C)\c1ccccc1,33.1474182169,31.3349271784,train
135,C(=C(\C(=O)OC)/Cl)(/C)\c1ccccc1,24.6448937211,17.4218122198,train
136,C(=C(\C(=O)c1ccccc1)/Cl)(/C)\c1ccccc1,29.0850677699,22.6984703613,train
137,C(=C(\C(=O)C)/Br)(/C)\c1ccccc1,27.7281438001,15.806345555,train
138,C(=C(\C=O)/Br)(/C)\c1ccccc1,21.5243291762,13.6092842841,train
139,C(=C(\C(=O)N)/Br)(/C)\c1ccccc1,29.0415628099,20.4779716114,train
140,C(=C(\C(=O)NC)/Br)(/C)\c1ccccc1,28.8660129399,22.4251523348,train
141,C(=C(\C(=O)Nc1ccccc1)/Br)(/C)\c1ccccc1,26.1524778577,23.9724149953,train
142,C(=C(\C(=O)N(C)C)/Br)(/C)\c1ccccc1,30.8485681499,30.6863208358,train
143,C(=C(\C(=O)OC)/Br)(/C)\c1ccccc1,24.3135821568,16.9972832353,train
144,C(=C(\C(=O)c1ccccc1)/Br)(/C)\c1ccccc1,28.4447188191,20.8678620729,train
145,C(=C(\C(=O)C)/c1ccccc1)(/C)\c1ccccc1,31.3023668909,20.289037294,train
146,C(=C(\C=O)/c1ccccc1)(/C)\c1ccccc1,25.2461675092,18.2280614925,train
147,C(=C(\C(=O)N)/c1ccccc1)(/C)\c1ccccc1,34.3506430063,27.7773161811,train
148,C(=C(\C(=O)NC)/c1ccccc1)(/C)\c1ccccc1,34.5133545746,28.6134349046,train
149,C(=C(\C(=O)Nc1ccccc1)/c1ccccc1)(/C)\c1ccccc1,31.9596335459,22.114160522,train
150,C(=C(\C(=O)N(C)C)/c1ccccc1)(/C)\c1ccccc1,35.4733156444,31.4705696263,train
151,C(=C(\C(=O)OC)/c1ccccc1)(/C)\c1ccccc1,29.7583265539,20.3611613504,train
152,C(=C(\C(=O)c1ccccc1)/c1ccccc1)(/C)\c1ccccc1,33.23552175,19.4870952464,train
153,C(=C\C(=O)C)(/C)\c1ccccc1,29.7115733197,18.9589079718,train
154,C(=C\C=O)(/C)\c1ccccc1,29.8203276524,19.1987715857,train
155,C(=C\C(=O)N)(/C)\c1ccccc1,33.2359586569,28.5357140913,train
156,C(=C\C(=O)NC)(/C)\c1ccccc1,33.4741432509,29.5269073488,train
157,C(=C\C(=O)Nc1ccccc1)(/C)\c1ccccc1,32.3647276366,22.4340284564,train
158,C(=C\C(=O)N(C)C)(/C)\c1ccccc1,33.992425378,25.5900164475,train
159,C(=C\C(=O)OC)(/C)\c1ccccc1,26.6839709411,19.7031800163,train
160,C(=C\C(=O)c1ccccc1)(/C)\c1ccccc1,29.0477205471,18.1396240724,train
161,C(=C(\C(=O)C)/C)/C,20.4591182113,16.0525043438,train
162,C(=C(\C=O)/C)/C,19.14992946,15.5212429003,test
163,C(=C(\C(=O)N)/C)/C,22.653423645,18.1214802635,test
164,C(=C(\C(=O)NC)/C)/C,22.6658048832,19.7214857226,train
165,C(=C(\C(=O)Nc1ccccc1)/C)/C,20.1024804763,15.0896280789,train
166,C(=C(\C(=O)N(C)C)/C)/C,26.5668682792,24.362023705,train
167,C(=C(\C(=O)OC)/C)/C,18.2548471979,16.4450485429,train
168,C(=C(\C(=O)c1ccccc1)/C)/C,20.4053172247,15.7815005722,test
169,C(=C(\C(=O)C)/Cl)/C,14.144764239,10.1261021852,train
170,C(=C(\C=O)/Cl)/C,10.8215748777,11.0273752175,train
171,C(=C(\C(=O)N)/Cl)/C,18.8598098848,14.5539558714,train
172,C(=C(\C(=O)NC)/Cl)/C,18.5363569623,15.3133276761,train
173,C(=C(\C(=O)Nc1ccccc1)/Cl)/C,15.756756837,12.1092191211,train
174,C(=C(\C(=O)N(C)C)/Cl)/C,21.0222339092,18.3527965708,train
175,C(=C(\C(=O)OC)/Cl)/C,14.0517541837,11.5431999278,train
176,C(=C(\C(=O)c1ccccc1)/Cl)/C,16.2141570427,11.0550458753,train
177,C(=C(\C(=O)C)/Br)/C,14.1449105128,9.8163973945,train
178,C(=C(\C=O)/Br)/C,10.5947659501,8.4442977284,train
179,C(=C(\C(=O)N)/Br)/C,16.4051061292,13.9933577323,train
180,C(=C(\C(=O)NC)/Br)/C,16.5573159105,14.4218023764,train
181,C(=C(\C(=O)Nc1ccccc1)/Br)/C,14.9297233699,11.0146079097,train
182,C(=C(\C(=O)N(C)C)/Br)/C,19.2361039366,18.0141560628,train
183,C(=C(\C(=O)OC)/Br)/C,11.7476288508,12.3415331688,train
184,C(=C(\C(=O)c1ccccc1)/Br)/C,15.800044098,8.9882229409,train
185,C(=C(\C(=O)C)/c1ccccc1)/C,18.5440515479,13.2884211195,train
186,C(=C(\C=O)/c1ccccc1)/C,13.9692197958,10.7529301839,train
187,C(=C(\C(=O)N)/c1ccccc1)/C,20.8579443789,17.4916628095,train
188,C(=C(\C(=O)NC)/c1ccccc1)/C,21.1136329287,19.0214995318,train
189,C(=C(\C(=O)Nc1ccccc1)/c1ccccc1)/C,19.5584983305,15.5529710343,train
190,C(=C(\C(=O)N(C)C)/c1ccccc1)/C,22.6031152896,19.4959286973,train
191,C(=C(\C(=O)OC)/c1ccccc1)/C,13.6646905317,14.4464509483,test
192,C(=C(\C(=O)c1ccccc1)/c1ccccc1)/C,18.8240263046,11.7952547958,train
193,C(=C\C(=O)C)/C,20.9162373777,14.487460575,test
194,C(=C\C=O)/C,19.5763427256,13.7255956749,train
195,C(=C\C(=O)N)/C,21.5162426745,17.910027141,train
196,C(=C\C(=O)NC)/C,21.7010868177,18.4449990479,train
197,C(=C\C(=O)Nc1ccccc1)/C,19.3876133845,14.1330093385,train
198,C(=C\C(=O)N(C)C)/C,22.539007194,18.930407119,train
199,C(=C\C(=O)OC)/C,18.195867445,15.8790293497,train
200,C(=C\C(=O)c1ccccc1)/C,18.4987100439,12.0369752103,train
201,C(=C(\C(=O)C)/C)(/Cl)\C,22.8675427255,18.3515666522,train
202,C(=C(\C=O)/C)(/Cl)\C,20.8863968791,13.33664083,train
203,C(=C(\C(=O)N)/C)(/Cl)\C,28.1231317874,21.2329709304,test
204,C(=C(\C(=O)NC)/C)(/Cl)\C,27.6204863764,23.2265352714,train
205,C(=C(\C(=O)Nc1ccccc1)/C)(/Cl)\C,25.3401516997,18.5506954887,train
206,C(=C(\C(=O)N(C)C)/C)(/Cl)\C,28.3071237515,31.5158300022,train
207,C(=C(\C(=O)OC)/C)(/Cl)\C,19.2179646574,19.0085609139,test
208,C(=C(\C(=O)c1ccccc1)/C)(/Cl)\C,24.0353116052,20.6751802689,train
209,C(=C(\C(=O)C)/Cl)(/Cl)\C,16.3990833985,12.7878492819,train
210,C(=C(\C=O)/Cl)(/Cl)\C,14.0553985813,10.29400113,train
211,C(=C(\C(=O)N)/Cl)(/Cl)\C,19.268087517,15.9711609184,train
212,C(=C(\C(=O)NC)/Cl)(/Cl)\C,19.5474944161,16.8452502402,train
213,C(=C(\C(=O)Nc1ccccc1)/Cl)(/Cl)\C,21.2728758319,14.1854258324,train
214,C(=C(\C(=O)N(C)C)/Cl)(/Cl)\C,22.5573476862,22.8708974145,train
215,C(=C(\C(=O)OC)/Cl)(/Cl)\C,14.9851586322,13.9077215144,train
216,C(=C(\C(=O)c1ccccc1)/Cl)(/Cl)\C,19.400567316,14.982205987,test
217,C(=C(\C(=O)C)/Br)(/Cl)\C,17.4978802094,12.5386840949,train
218,C(=C(\C=O)/Br)(/Cl)\C,13.1776748082,9.8709907187,train
219,C(=C(\C(=O)N)/Br)(/Cl)\C,18.2865488053,15.2196869473,train
220,C(=C(\C(=O)NC)/Br)(/Cl)\C,18.684315013,16.4543871392,train
221,C(=C(\C(=O)Nc1ccccc1)/Br)(/Cl)\C,18.5839630151,13.8838134039,train
222,C(=C(\C(=O)N(C)C)/Br)(/Cl)\C,20.8013685182,22.7546575595,train
223,C(=C(\C(=O)OC)/Br)(/Cl)\C,14.8877856986,13.3496710643,train
224,C(=C(\C(=O)c1ccccc1)/Br)(/Cl)\C,17.5427981105,15.8910154081,train
225,C(=C(\C(=O)C)/c1ccccc1)(/Cl)\C,21.265973453,15.8882945271,train
226,C(=C(\C=O)/c1ccccc1)(/Cl)\C,19.2833882326,10.9137696473,train
227,C(=C(\C(=O)N)/c1ccccc1)(/Cl)\C,25.0355971698,20.5994248151,train
228,C(=C(\C(=O)NC)/c1ccccc1)(/Cl)\C,25.3667470259,19.4699529424,train
229,C(=C(\C(=O)Nc1ccccc1)/c1ccccc1)(/Cl)\C,23.3774081264,16.6626387082,train
230,C(=C(\C(=O)N(C)C)/c1ccccc1)(/Cl)\C,24.9053881007,23.4687758913,train
231,C(=C(\C(=O)OC)/c1ccccc1)(/Cl)\C,19.6418006914,17.111778614,train
232,C(=C(\C(=O)c1ccccc1)/c1ccccc1)(/Cl)\C,22.3738307981,18.7102523227,train
233,C(=C\C(=O)C)(/Cl)\C,20.5701186815,15.5112761675,train
234,C(=C\C=O)(/Cl)\C,20.5676495471,11.9990755206,train
235,C(=C\C(=O)N)(/Cl)\C,25.3398907118,19.6998159379,train
236,C(=C\C(=O)NC)(/Cl)\C,25.500594143,23.019314073,train
237,C(=C\C(=O)Nc1ccccc1)(/Cl)\C,24.8435356389,18.5821895616,train
238,C(=C\C(=O)N(C)C)(/Cl)\C,23.5802300367,20.4070071926,train
239,C(=C\C(=O)OC)(/Cl)\C,17.8276891313,16.8658927917,train
240,C(=C\C(=O)c1ccccc1)(/Cl)\C,19.8608606084,14.4799593268,train
241,C(=C(C(=O)C)C)(Cl)Cl,25.6910282842,16.5448677301,train
242,C(=C(C=O)C)(Cl)Cl,20.5746695805,11.9959323255,train
243,C(=C(C(=O)N)C)(Cl)Cl,23.5686330338,19.9595985851,test
244,C(=C(C(=O)NC)C)(Cl)Cl,24.0655913331,20.9540191238,train
245,C(=C(C(=O)Nc1ccccc1)C)(Cl)Cl,21.8933292834,17.0987138668,test
246,C(=C(C(=O)N(C)C)C)(Cl)Cl,27.3238464473,28.2217585512,train
247,C(=C(C(=O)OC)C)(Cl)Cl,16.6340126687,19.0585953821,train
248,C(=C(C(=O)c1ccccc1)C)(Cl)Cl,26.0832363486,19.6479083543,train
249,C(=C(C(=O)C)Cl)(Cl)Cl,17.9919891979,11.7374925488,train
250,C(=C(C=O)Cl)(Cl)Cl,14.8507188166,8.7741543586,train
251,C(=C(C(=O)N)Cl)(Cl)Cl,18.0106308764,14.9934697823,train
252,C(=C(C(=O)NC)Cl)(Cl)Cl,18.192621257,15.6433374186,train
253,C(=C(C(=O)Nc1ccccc1)Cl)(Cl)Cl,17.6777244519,11.9994714793,train
254,C(=C(C(=O)N(C)C)Cl)(Cl)Cl,19.9595929979,23.2119927394,test
255,C(=C(C(=O)OC)Cl)(Cl)Cl,14.0086986007,13.7463449032,train
256,C(=C(C(=O)c1ccccc1)Cl)(Cl)Cl,18.0096531252,17.5158758901,train
257,C(=C(C(=O)C)Br)(Cl)Cl,15.9081031876,12.8234918199,train
258,C(=C(C=O)Br)(Cl)Cl,14.5590735637,7.0230766212,train
259,C(=C(C(=O)N)Br)(Cl)Cl,16.1607432814,13.7609972493,train
260,C(=C(C(=O)NC)Br)(Cl)Cl,16.2113198749,14.1774062617,train
261,C(=C(C(=O)Nc1ccccc1)Br)(Cl)Cl,16.0468511068,12.288138387,train
262,C(=C(C(=O)N(C)C)Br)(Cl)Cl,17.2016568542,22.8447051693,train
263,C(=C(C(=O)OC)Br)(Cl)Cl,12.0517069067,13.7167201807,train
264,C(=C(C(=O)c1ccccc1)Br)(Cl)Cl,15.93722247,17.7062308893,train
265,C(=C(C(=O)C)c1ccccc1)(Cl)Cl,22.2770028341,19.2468984248,train
266,C(=C(C=O)c1ccccc1)(Cl)Cl,18.4399591452,9.9658387755,train
267,C(=C(C(=O)N)c1ccccc1)(Cl)Cl,21.6126751788,16.1587548754,train
268,C(=C(C(=O)NC)c1ccccc1)(Cl)Cl,21.9915801728,16.5049895027,train
269,C(=C(C(=O)Nc1ccccc1)c1ccccc1)(Cl)Cl,19.2053485719,14.4684200549,train
270,C(=C(C(=O)N(C)C)c1ccccc1)(Cl)Cl,19.615033144,24.3461972885,train
271,C(=C(C(=O)OC)c1ccccc1)(Cl)Cl,18.7421209444,15.6127086812,test
272,C(=C(C(=O)c1ccccc1)c1ccccc1)(Cl)Cl,22.8848207465,21.1472732164,test
273,C(=CC(=O)C)(Cl)Cl,20.1809995865,11.119351791,train
274,C(=CC=O)(Cl)Cl,15.2293540063,10.5024911527,train
275,C(=CC(=O)N)(Cl)Cl,22.2532415242,15.8209728007,test
276,C(=CC(=O)NC)(Cl)Cl,22.3835730639,16.4577505895,train
277,C(=CC(=O)Nc1ccccc1)(Cl)Cl,19.6004604191,13.355419051,train
278,C(=CC(=O)N(C)C)(Cl)Cl,23.1040062617,16.8113145277,test
279,C(=CC(=O)OC)(Cl)Cl,17.2340300905,16.2866224812,train
280,C(=CC(=O)c1ccccc1)(Cl)Cl,19.7195289648,10.5052584696,train
281,C(=C(\C(=O)C)/C)(/Cl)\Br,27.9908354392,17.0711222753,train
282,C(=C(\C=O)/C)(/Cl)\Br,18.4813114019,13.3930947198,train
283,C(=C(\C(=O)N)/C)(/Cl)\Br,26.0943363871,19.6467474618,train
284,C(=C(\C(=O)NC)/C)(/Cl)\Br,25.5251951368,19.8027086665,train
285,C(=C(\C(=O)Nc1ccccc1)/C)(/Cl)\Br,23.4236725486,16.3495240305,train
286,C(=C(\C(=O)N(C)C)/C)(/Cl)\Br,28.8066917638,28.4331476676,train
287,C(=C(\C(=O)OC)/C)(/Cl)\Br,20.531836833,19.1916775909,train
288,C(=C(\C(=O)c1ccccc1)/C)(/Cl)\Br,28.1612330502,19.5948649784,train
289,C(=C(\C(=O)C)/Cl)(/Cl)\Br,21.914506387,11.7895130844,train
290,C(=C(\C=O)/Cl)(/Cl)\Br,17.9651814046,8.9840813782,train
291,C(=C(\C(=O)N)/Cl)(/Cl)\Br,21.1188344454,14.9677356185,train
292,C(=C(\C(=O)NC)/Cl)(/Cl)\Br,21.1319149715,16.1998504707,train
293,C(=C(\C(=O)Nc1ccccc1)/Cl)(/Cl)\Br,18.486515605,12.4516861815,train
294,C(=C(\C(=O)N(C)C)/Cl)(/Cl)\Br,23.0406307412,23.731106227,train
295,C(=C(\C(=O)OC)/Cl)(/Cl)\Br,14.5771799722,14.0919018201,train
296,C(=C(\C(=O)c1ccccc1)/Cl)(/Cl)\Br,21.3677156497,18.5385155293,train
297,C(=C(\C(=O)C)/Br)(/Cl)\Br,17.8850877601,13.4375788663,train
298,C(=C(\C=O)/Br)(/Cl)\Br,16.9452189761,8.1257864693,train
299,C(=C(\C(=O)N)/Br)(/Cl)\Br,17.7863660124,16.0453952888,train
300,C(=C(\C(=O)NC)/Br)(/Cl)\Br,19.010356142,14.2261825732,train
301,C(=C(\C(=O)Nc1ccccc1)/Br)(/Cl)\Br,16.6636528064,12.1153913047,train
302,C(=C(\C(=O)N(C)C)/Br)(/Cl)\Br,20.8048932263,23.1138879078,train
303,C(=C(\C(=O)OC)/Br)(/Cl)\Br,12.9987611543,14.0284292372,train
304,C(=C(\C(=O)c1ccccc1)/Br)(/Cl)\Br,18.9088227708,19.1410313012,train
305,C(=C(\C(=O)C)/c1ccccc1)(/Cl)\Br,25.3030293059,19.4291460018,train
306,C(=C(\C=O)/c1ccccc1)(/Cl)\Br,19.8565883981,9.7677152093,train
307,C(=C(\C(=O)N)/c1ccccc1)(/Cl)\Br,22.8121985531,15.7197617977,train
308,C(=C(\C(=O)NC)/c1ccccc1)(/Cl)\Br,24.1921458001,17.3109250205,train
309,C(=C(\C(=O)Nc1ccccc1)/c1ccccc1)(/Cl)\Br,22.8272470737,14.3041066989,train
310,C(=C(\C(=O)N(C)C)/c1ccccc1)(/Cl)\Br,21.1345755254,23.9449865561,test
311,C(=C(\C(=O)OC)/c1ccccc1)(/Cl)\Br,23.7738548145,15.0037609377,train
312,C(=C(\C(=O)c1ccccc1)/c1ccccc1)(/Cl)\Br,21.7216959528,21.8377909165,train
313,C(=C\C(=O)C)(/Cl)\Br,23.024724227,10.38439387,train
314,C(=C\C=O)(/Cl)\Br,20.4020766873,10.1278993721,train
315,C(=C\C(=O)N)(/Cl)\Br,22.9146253661,14.9672398864,test
316,C(=C\C(=O)NC)(/Cl)\Br,23.2185212926,16.3915671652,train
317,C(=C\C(=O)Nc1ccccc1)(/Cl)\Br,21.233044271,12.9070447065,test
318,C(=C\C(=O)N(C)C)(/Cl)\Br,25.2939981469,16.4904250079,train
319,C(=C\C(=O)OC)(/Cl)\Br,21.6341541725,16.1090749506,train
320,C(=C\C(=O)c1ccccc1)(/Cl)\Br,25.4616552531,10.5306537784,train
321,C(=C(\C(=O)C)/C)(/Cl)\c1ccccc1,31.1641898554,21.6822463786,train
322,C(=C(\C=O)/C)(/Cl)\c1ccccc1,25.5287011886,19.0181762416,train
323,C(=C(\C(=O)N)/C)(/Cl)\c1ccccc1,31.7488659881,26.7894957871,train
324,C(=C(\C(=O)NC)/C)(/Cl)\c1ccccc1,33.4100967792,31.4834963216,train
325,C(=C(\C(=O)Nc1ccccc1)/C)(/Cl)\c1ccccc1,30.6535031429,28.0146866999,train
326,C(=C(\C(=O)N(C)C)/C)(/Cl)\c1ccccc1,34.3411158722,33.4777339804,train
327,C(=C(\C(=O)OC)/C)(/Cl)\c1ccccc1,26.9735342131,22.4906203981,train
328,C(=C(\C(=O)c1ccccc1)/C)(/Cl)\c1ccccc1,32.0676008093,23.8397030164,train
329,C(=C(\C(=O)C)/Cl)(/Cl)\c1ccccc1,27.5988148285,15.4820549339,train
330,C(=C(\C=O)/Cl)(/Cl)\c1ccccc1,20.2844920008,13.0364246099,train
331,C(=C(\C(=O)N)/Cl)(/Cl)\c1ccccc1,25.9983135079,20.0608974394,train
332,C(=C(\C(=O)NC)/Cl)(/Cl)\c1ccccc1,25.761849983,18.5175692634,test
333,C(=C(\C(=O)Nc1ccccc1)/Cl)(/Cl)\c1ccccc1,24.9061230248,15.1426287841,train
334,C(=C(\C(=O)N(C)C)/Cl)(/Cl)\c1ccccc1,25.9992495969,23.9918677889,train
335,C(=C(\C(=O)OC)/Cl)(/Cl)\c1ccccc1,21.3616467203,17.3100402325,train
336,C(=C(\C(=O)c1ccccc1)/Cl)(/Cl)\c1ccccc1,25.4561765494,21.6909913502,train
337,C(=C(\C(=O)C)/Br)(/Cl)\c1ccccc1,25.3435849917,16.2245366938,train
338,C(=C(\C=O)/Br)(/Cl)\c1ccccc1,18.3177132023,12.9303378579,train
339,C(=C(\C(=O)N)/Br)(/Cl)\c1ccccc1,25.0256961861,19.3808089466,train
340,C(=C(\C(=O)NC)/Br)(/Cl)\c1ccccc1,24.8694844751,21.0092587829,train
341,C(=C(\C(=O)Nc1ccccc1)/Br)(/Cl)\c1ccccc1,23.0694047728,14.7141653152,test
342,C(=C(\C(=O)N(C)C)/Br)(/Cl)\c1ccccc1,22.0385646631,24.7930028594,train
343,C(=C(\C(=O)OC)/Br)(/Cl)\c1ccccc1,20.1512014285,17.1985757247,train
344,C(=C(\C(=O)c1ccccc1)/Br)(/Cl)\c1ccccc1,24.984042127,21.6947626823,train
345,C(=C(\C(=O)C)/c1ccccc1)(/Cl)\c1ccccc1,28.7224179309,17.2103791776,test
346,C(=C(\C=O)/c1ccccc1)(/Cl)\c1ccccc1,23.7318023116,18.1061552271,train
347,C(=C(\C(=O)N)/c1ccccc1)(/Cl)\c1ccccc1,30.3642866849,25.7201732077,test
348,C(=C(\C(=O)NC)/c1ccccc1)(/Cl)\c1ccccc1,30.3914618774,21.6967016866,train
349,C(=C(\C(=O)Nc1ccccc1)/c1ccccc1)(/Cl)\c1ccccc1,28.851313675,17.0226220681,train
350,C(=C(\C(=O)N(C)C)/c1ccccc1)(/Cl)\c1ccccc1,28.4911680982,28.8366990105,train
351,C(=C(\C(=O)OC)/c1ccccc1)(/Cl)\c1ccccc1,24.7135269045,20.4557891514,train
352,C(=C(\C(=O)c1ccccc1)/c1ccccc1)(/Cl)\c1ccccc1,29.295824881,23.1293685669,train
353,C(=C\C(=O)C)(/Cl)\c1ccccc1,24.5008235151,16.5097968529,train
354,C(=C\C=O)(/Cl)\c1ccccc1,23.8094759871,16.1339469158,train
355,C(=C\C(=O)N)(/Cl)\c1ccccc1,30.4388521739,21.4605830495,train
356,C(=C\C(=O)NC)(/Cl)\c1ccccc1,27.4268313107,23.0144477369,train
357,C(=C\C(=O)Nc1ccccc1)(/Cl)\c1ccccc1,28.2796684329,19.6759831282,train
358,C(=C\C(=O)N(C)C)(/Cl)\c1ccccc1,29.5254016348,22.7752335952,train
359,C(=C\C(=O)OC)(/Cl)\c1ccccc1,23.3450628872,19.6096528667,train
360,C(=C\C(=O)c1ccccc1)(/Cl)\c1ccccc1,25.4618426949,16.5028559707,train
361,C(=C(\C(=O)C)/C)/Cl,18.5240031646,14.6644201292,train
362,C(=C(\C=O)/C)/Cl,15.0550861315,13.2277296582,train
363,C(=C(\C(=O)N)/C)/Cl,19.010992474,16.93284115,train
364,C(=C(\C(=O)NC)/C)/Cl,19.1320402854,17.950825297,train
365,C(=C(\C(=O)Nc1ccccc1)/C)/Cl,17.0000525339,13.7659363764,train
366,C(=C(\C(=O)N(C)C)/C)/Cl,22.3223915411,23.2479835453,train
367,C(=C(\C(=O)OC)/C)/Cl,11.9431993602,15.9625615282,train
368,C(=C(\C(=O)c1ccccc1)/C)/Cl,17.3844436862,16.1529171549,test
369,C(=C(\C(=O)C)/Cl)/Cl,12.8328483193,10.8511228665,train
370,C(=C(\C=O)/Cl)/Cl,13.5649153249,8.8311196687,train
371,C(=C(\C(=O)N)/Cl)/Cl,17.4818833734,13.9823072906,train
372,C(=C(\C(=O)NC)/Cl)/Cl,15.1500152137,14.3116681884,train
373,C(=C(\C(=O)Nc1ccccc1)/Cl)/Cl,16.6643541373,12.10317997,train
374,C(=C(\C(=O)N(C)C)/Cl)/Cl,16.983756237,15.0503974415,test
375,C(=C(\C(=O)OC)/Cl)/Cl,10.8900420962,10.4121235134,train
376,C(=C(\C(=O)c1ccccc1)/Cl)/Cl,12.3004774828,11.4868527145,train
377,C(=C(\C(=O)C)/Br)/Cl,15.0889509361,10.2217685144,train
378,C(=C(\C=O)/Br)/Cl,12.7616337142,8.1676978273,train
379,C(=C(\C(=O)N)/Br)/Cl,13.9702321385,9.0119176983,train
380,C(=C(\C(=O)NC)/Br)/Cl,13.8230559139,13.7449643825,train
381,C(=C(\C(=O)Nc1ccccc1)/Br)/Cl,11.9437801971,9.9143202479,train
382,C(=C(\C(=O)N(C)C)/Br)/Cl,14.9504831609,17.4316954942,train
383,C(=C(\C(=O)OC)/Br)/Cl,10.3103149849,9.6521656145,train
384,C(=C(\C(=O)c1ccccc1)/Br)/Cl,11.6433350314,10.9148025278,train
385,C(=C(\C(=O)C)/c1ccccc1)/Cl,17.3368729491,14.2002199956,train
386,O=C/C(=C/Cl)c1ccccc1,9.4412790824,8.9461371353,train
387,C(=C(\C(=O)N)/c1ccccc1)/Cl,18.0668811329,15.6892158914,train
388,C(=C(\C(=O)NC)/c1ccccc1)/Cl,18.4290464556,16.9752551428,test
389,C(=C(\C(=O)Nc1ccccc1)/c1ccccc1)/Cl,17.2593416623,14.1982709512,train
390,C(=C(\C(=O)N(C)C)/c1ccccc1)/Cl,18.9586563131,15.9267332475,test
391,C(=C(\C(=O)OC)/c1ccccc1)/Cl,13.9916648821,12.9242961972,train
392,C(=C(\C(=O)c1ccccc1)/c1ccccc1)/Cl,13.1816182599,11.1254825585,test
393,C(=C\C(=O)C)/Cl,17.9140101108,12.9902003795,train
394,C(=C\C=O)/Cl,12.5907613374,11.9921057728,train
395,C(=C\C(=O)N)/Cl,17.6973151564,15.0908040316,train
396,C(=C\C(=O)NC)/Cl,17.9326903968,15.9200327013,train
397,C(=C\C(=O)Nc1ccccc1)/Cl,16.1230820962,12.0355865318,train
398,C(=C\C(=O)N(C)C)/Cl,17.595227961,16.9263062663,train
399,C(=C\C(=O)OC)/Cl,11.5072518814,13.7353590949,train
400,O=C(/C=C/Cl)c1ccccc1,11.0787757587,11.5295955225,train
401,C(=C(\C(=O)C)/C)(/Br)\C,25.3038740561,17.8714164827,train
402,C(=C(\C=O)/C)(/Br)\C,22.9843746895,12.5811664865,train
403,C(=C(\C(=O)N)/C)(/Br)\C,28.6996396482,21.1361788489,train
404,C(=C(\C(=O)NC)/C)(/Br)\C,28.7036464846,22.3698499245,train
405,C(=C(\C(=O)Nc1ccccc1)/C)(/Br)\C,27.8936599374,17.9773902832,test
406,C(=C(\C(=O)N(C)C)/C)(/Br)\C,30.2143687703,31.5414907472,train
407,C(=C(\C(=O)OC)/C)(/Br)\C,21.5226047777,19.074515297,train
408,C(=C(\C(=O)c1ccccc1)/C)(/Br)\C,26.911691999,21.7271672716,train
409,C(=C(\C(=O)C)/Cl)(/Br)\C,19.6632603869,12.4269058325,train
410,C(=C(\C=O)/Cl)(/Br)\C,16.729476752,11.7698908629,train
411,C(=C(\C(=O)N)/Cl)(/Br)\C,21.2047927307,15.5059191189,train
412,C(=C(\C(=O)NC)/Cl)(/Br)\C,21.49102859,16.7303030546,train
413,C(=C(\C(=O)Nc1ccccc1)/Cl)(/Br)\C,22.0020768401,13.386989053,train
414,C(=C(\C(=O)N(C)C)/Cl)(/Br)\C,24.4660450615,22.9712048041,train
415,C(=C(\C(=O)OC)/Cl)(/Br)\C,17.6354697741,13.1431451465,train
416,C(=C(\C(=O)c1ccccc1)/Cl)(/Br)\C,21.5568007202,17.2210531138,train
417,C(=C(\C(=O)C)/Br)(/Br)\C,19.5917803316,12.3818381018,test
418,C(=C(\C=O)/Br)(/Br)\C,15.7538279121,9.8543868175,train
419,C(=C(\C(=O)N)/Br)(/Br)\C,20.3287797371,15.3923838299,train
420,C(=C(\C(=O)NC)/Br)(/Br)\C,20.7749783132,15.8625578539,train
421,C(=C(\C(=O)Nc1ccccc1)/Br)(/Br)\C,19.6518370306,13.3476191081,train
422,C(=C(\C(=O)N(C)C)/Br)(/Br)\C,22.2069381865,23.1485452554,train
423,C(=C(\C(=O)OC)/Br)(/Br)\C,16.2923221091,13.1924046397,train
424,C(=C(\C(=O)c1ccccc1)/Br)(/Br)\C,19.5980790087,18.0522082367,train
425,C(=C(\C(=O)C)/c1ccccc1)(/Br)\C,23.5968392085,15.9957718399,train
426,C(=C(\C=O)/c1ccccc1)(/Br)\C,22.1994585093,10.6247299984,train
427,C(=C(\C(=O)N)/c1ccccc1)(/Br)\C,26.1491334089,19.2125234557,train
428,C(=C(\C(=O)NC)/c1ccccc1)(/Br)\C,26.3177598518,18.4750554967,train
429,C(=C(\C(=O)Nc1ccccc1)/c1ccccc1)(/Br)\C,24.5450906087,15.8762187345,train
430,C(=C(\C(=O)N(C)C)/c1ccccc1)(/Br)\C,26.891880583,25.4316004258,train
431,C(=C(\C(=O)OC)/c1ccccc1)(/Br)\C,21.5831623856,19.2188048256,test
432,C(=C(\C(=O)c1ccccc1)/c1ccccc1)(/Br)\C,25.0416327764,15.5118553588,train
433,C(=C\C(=O)C)(/Br)\C,22.1061436713,15.206816728,train
434,C(=C\C=O)(/Br)\C,21.0664187863,11.3357233327,train
435,C(=C\C(=O)N)(/Br)\C,26.1162275337,18.9369652205,train
436,C(=C\C(=O)NC)(/Br)\C,27.1808564743,21.7471659987,train
437,C(=C\C(=O)Nc1ccccc1)(/Br)\C,24.9787545118,15.9669001293,train
438,C(=C\C(=O)N(C)C)(/Br)\C,25.6713504321,19.7556956565,train
439,C(=C\C(=O)OC)(/Br)\C,20.1564787379,16.8303719902,test
440,C(=C\C(=O)c1ccccc1)(/Br)\C,21.681648005,13.9421968849,train
441,C(=C(\C(=O)C)/C)(/Br)\Cl,28.5214648737,16.9636926531,train
442,C(=C(\C=O)/C)(/Br)\Cl,21.3717285573,11.6932594059,train
443,C(=C(\C(=O)N)/C)(/Br)\Cl,26.0584943082,21.9408154225,train
444,C(=C(\C(=O)NC)/C)(/Br)\Cl,26.2801136445,20.9830288869,train
445,C(=C(\C(=O)Nc1ccccc1)/C)(/Br)\Cl,24.0264068983,16.8224402707,train
446,C(=C(\C(=O)N(C)C)/C)(/Br)\Cl,29.5230308464,25.2412956275,train
447,C(=C(\C(=O)OC)/C)(/Br)\Cl,20.2206927488,18.7296549158,train
448,C(=C(\C(=O)c1ccccc1)/C)(/Br)\Cl,28.5727422375,19.5008515088,train
449,C(=C(\C(=O)C)/Cl)(/Br)\Cl,22.1487587792,11.8358985841,train
450,C(=C(\C=O)/Cl)(/Br)\Cl,16.8349627511,7.3559327464,train
451,C(=C(\C(=O)N)/Cl)(/Br)\Cl,20.0748839002,15.3071366677,train
452,C(=C(\C(=O)NC)/Cl)(/Br)\Cl,20.4127689026,16.3046508277,train
453,C(=C(\C(=O)Nc1ccccc1)/Cl)(/Br)\Cl,19.0263905061,10.8579689948,train
454,C(=C(\C(=O)N(C)C)/Cl)(/Br)\Cl,22.1863085344,22.7290049719,train
455,C(=C(\C(=O)OC)/Cl)(/Br)\Cl,15.8962944907,14.146401018,train
456,C(=C(\C(=O)c1ccccc1)/Cl)(/Br)\Cl,20.5803334345,18.09210529,train
457,C(=C(\C(=O)C)/Br)(/Br)\Cl,17.8692366195,12.755375666,train
458,C(=C(\C=O)/Br)(/Br)\Cl,17.041934031,8.0264391699,test
459,C(=C(\C(=O)N)/Br)(/Br)\Cl,18.2404569737,16.115281019,train
460,C(=C(\C(=O)NC)/Br)(/Br)\Cl,17.2816407088,13.6625535625,train
461,C(=C(\C(=O)Nc1ccccc1)/Br)(/Br)\Cl,16.2896767437,10.5361507606,train
462,C(=C(\C(=O)N(C)C)/Br)(/Br)\Cl,19.2645526756,22.4737843187,test
463,C(=C(\C(=O)OC)/Br)(/Br)\Cl,13.7305189487,14.6097100876,test
464,C(=C(\C(=O)c1ccccc1)/Br)(/Br)\Cl,18.1286516418,18.2193014605,train
465,C(=C(\C(=O)C)/c1ccccc1)(/Br)\Cl,24.9445086196,19.4963710914,train
466,C(=C(\C=O)/c1ccccc1)(/Br)\Cl,21.0859477454,9.9615089596,train
467,C(=C(\C(=O)N)/c1ccccc1)(/Br)\Cl,22.2659882733,16.2318283535,train
468,C(=C(\C(=O)NC)/c1ccccc1)(/Br)\Cl,23.4909270289,16.6631344405,train
469,C(=C(\C(=O)Nc1ccccc1)/c1ccccc1)(/Br)\Cl,22.0060953425,14.3432319149,train
470,C(=C(\C(=O)N(C)C)/c1ccccc1)(/Br)\Cl,22.6142375563,25.1120412258,test
471,C(=C(\C(=O)OC)/c1ccccc1)(/Br)\Cl,21.6443584832,17.1918927484,train
472,C(=C(\C(=O)c1ccccc1)/c1ccccc1)(/Br)\Cl,22.1515207106,21.1869757413,train
473,C(=C\C(=O)C)(/Br)\Cl,22.8769142184,11.3973698638,train
474,C(=C\C=O)(/Br)\Cl,18.4636564718,10.3024599576,train
475,C(=C\C(=O)N)(/Br)\Cl,24.6631803451,15.8259615012,train
476,C(=C\C(=O)NC)(/Br)\Cl,21.9483006282,17.1535581949,train
477,C(=C\C(=O)Nc1ccccc1)(/Br)\Cl,21.5827623496,13.3552370733,train
478,C(=C\C(=O)N(C)C)(/Br)\Cl,25.3002385315,16.1631976427,test
479,C(=C\C(=O)OC)(/Br)\Cl,16.7520304368,16.1550776698,test
480,C(=C\C(=O)c1ccccc1)(/Br)\Cl,22.0411888299,10.6937309401,test
481,C(=C(C(=O)C)C)(Br)Br,28.4881837959,17.2324863365,train
482,C(=C(C=O)C)(Br)Br,20.8987626778,11.4166281294,train
483,C(=C(C(=O)N)C)(Br)Br,27.7840532341,22.2204524691,train
484,C(=C(C(=O)NC)C)(Br)Br,28.0014027846,19.5266735236,train
485,C(=C(C(=O)Nc1ccccc1)C)(Br)Br,25.723885078,16.2999570572,train
486,C(=C(C(=O)N(C)C)C)(Br)Br,31.2243058253,24.8748551954,train
487,C(=C(C(=O)OC)C)(Br)Br,23.5753046936,18.9676755335,train
488,C(=C(C(=O)c1ccccc1)C)(Br)Br,31.1011755098,19.7795786668,test
489,C(=C(C(=O)C)Cl)(Br)Br,23.286645351,12.7013345515,train
490,C(=C(C=O)Cl)(Br)Br,19.8130618025,9.029651116,train
491,C(=C(C(=O)N)Cl)(Br)Br,22.3493036146,16.194748819,train
492,C(=C(C(=O)NC)Cl)(Br)Br,22.9484516213,17.306802284,train
493,C(=C(C(=O)Nc1ccccc1)Cl)(Br)Br,20.79561905,12.551077407,train
494,C(=C(C(=O)N(C)C)Cl)(Br)Br,24.7043400873,23.6128332406,train
495,C(=C(C(=O)OC)Cl)(Br)Br,17.614845962,14.4286485046,test
496,C(=C(C(=O)c1ccccc1)Cl)(Br)Br,24.4233234556,18.9143937043,train
497,C(=C(C(=O)C)Br)(Br)Br,23.6904467565,13.959334168,train
498,C(=C(C=O)Br)(Br)Br,18.7214802847,6.8402078103,train
499,C(=C(C(=O)N)Br)(Br)Br,20.652539043,15.0107388434,train
500,C(=C(C(=O)NC)Br)(Br)Br,19.8408499802,13.7001790321,train
501,C(=C(C(=O)Nc1ccccc1)Br)(Br)Br,18.7571947732,12.2289328679,train
502,C(=C(C(=O)N(C)C)Br)(Br)Br,22.0175122626,22.7891831315,train
503,C(=C(C(=O)OC)Br)(Br)Br,14.9600080287,14.6120946235,train
504,C(=C(C(=O)c1ccccc1)Br)(Br)Br,18.4730814251,18.6709325798,train
505,C(=C(C(=O)C)c1ccccc1)(Br)Br,29.1575849278,16.1684122464,train
506,C(=C(C=O)c1ccccc1)(Br)Br,23.893242803,9.7001700895,train
507,C(=C(C(=O)N)c1ccccc1)(Br)Br,25.1865803218,16.3708781778,train
508,C(=C(C(=O)NC)c1ccccc1)(Br)Br,25.4789343902,16.4828948936,test
509,C(=C(C(=O)Nc1ccccc1)c1ccccc1)(Br)Br,24.6458230381,13.8515531415,train
510,C(=C(C(=O)N(C)C)c1ccccc1)(Br)Br,24.4125517878,24.8404425756,train
511,C(=C(C(=O)OC)c1ccccc1)(Br)Br,23.430847224,17.7836341828,train
512,C(=C(C(=O)c1ccccc1)c1ccccc1)(Br)Br,25.3697063485,22.5504346019,test
513,C(=CC(=O)C)(Br)Br,25.2040573999,10.7260978786,train
514,C(=CC=O)(Br)Br,20.4823652087,9.6884858629,test
515,C(=CC(=O)N)(Br)Br,24.7377642637,15.2288736856,train
516,C(=CC(=O)NC)(Br)Br,25.4040423682,15.8580146849,train
517,C(=CC(=O)Nc1ccccc1)(Br)Br,23.5001148165,13.4759698963,train
518,C(=CC(=O)N(C)C)(Br)Br,27.5230959495,16.1907139324,train
519,C(=CC(=O)OC)(Br)Br,19.9614359708,15.9637563067,train
520,C(=CC(=O)c1ccccc1)(Br)Br,28.052934157,10.9422623425,train
521,C(=C(\C(=O)C)/C)(/Br)\c1ccccc1,36.6401699165,22.7305172702,train
522,C(=C(\C=O)/C)(/Br)\c1ccccc1,29.1586529139,18.699609762,train
523,C(=C(\C(=O)N)/C)(/Br)\c1ccccc1,33.627575621,26.8178567048,train
524,C(=C(\C(=O)NC)/C)(/Br)\c1ccccc1,34.0319968133,27.4432828479,train
525,C(=C(\C(=O)Nc1ccccc1)/C)(/Br)\c1ccccc1,31.6780575448,19.310515335,train
526,C(=C(\C(=O)N(C)C)/C)(/Br)\c1ccccc1,37.3009467294,30.2068784973,train
527,C(=C(\C(=O)OC)/C)(/Br)\c1ccccc1,28.5811388475,22.9487211395,train
528,C(=C(\C(=O)c1ccccc1)/C)(/Br)\c1ccccc1,35.5815675602,24.1349462235,train
529,C(=C(\C(=O)C)/Cl)(/Br)\c1ccccc1,30.7903370706,15.9794314928,train
530,C(=C(\C=O)/Cl)(/Br)\c1ccccc1,23.0693827794,13.632797064,train
531,C(=C(\C(=O)N)/Cl)(/Br)\c1ccccc1,29.3754760631,19.9751419948,train
532,C(=C(\C(=O)NC)/Cl)(/Br)\c1ccccc1,27.1647952764,18.0941948965,train
533,C(=C(\C(=O)Nc1ccccc1)/Cl)(/Br)\c1ccccc1,26.2997509665,13.7358654952,train
534,C(=C(\C(=O)N(C)C)/Cl)(/Br)\c1ccccc1,29.1743139871,24.7902041671,train
535,C(=C(\C(=O)OC)/Cl)(/Br)\c1ccccc1,23.6420100917,17.3368035109,train
536,C(=C(\C(=O)c1ccccc1)/Cl)(/Br)\c1ccccc1,26.1564914281,22.0242679073,train
537,C(=C(\C(=O)C)/Br)(/Br)\c1ccccc1,29.316233791,16.5536967876,train
538,C(=C(\C=O)/Br)(/Br)\c1ccccc1,20.4144500546,13.1542646149,train
539,C(=C(\C(=O)N)/Br)(/Br)\c1ccccc1,27.2930638383,23.4336416354,train
540,C(=C(\C(=O)NC)/Br)(/Br)\c1ccccc1,26.2533946855,18.7807404623,train
541,C(=C(\C(=O)Nc1ccccc1)/Br)(/Br)\c1ccccc1,24.4500719243,14.3243878055,train
542,C(=C(\C(=O)N(C)C)/Br)(/Br)\c1ccccc1,24.5492850284,24.1373182099,train
543,C(=C(\C(=O)OC)/Br)(/Br)\c1ccccc1,21.9997260141,17.1865087179,train
544,C(=C(\C(=O)c1ccccc1)/Br)(/Br)\c1ccccc1,27.4615135556,22.0976300402,train
545,C(=C(\C(=O)C)/c1ccccc1)(/Br)\c1ccccc1,33.8451797772,21.2625404317,train
546,C(=C(\C=O)/c1ccccc1)(/Br)\c1ccccc1,27.0099203501,18.1976084576,train
547,C(=C(\C(=O)N)/c1ccccc1)(/Br)\c1ccccc1,32.5398100163,23.3615972732,train
548,C(=C(\C(=O)NC)/c1ccccc1)(/Br)\c1ccccc1,32.0479678689,21.5917444522,train
549,C(=C(\C(=O)Nc1ccccc1)/c1ccccc1)(/Br)\c1ccccc1,30.3458114795,17.1834841217,train
550,C(=C(\C(=O)N(C)C)/c1ccccc1)(/Br)\c1ccccc1,32.6957284897,29.2991609427,train
551,C(=C(\C(=O)OC)/c1ccccc1)(/Br)\c1ccccc1,27.5065011864,20.71998319,train
552,C(=C(\C(=O)c1ccccc1)/c1ccccc1)(/Br)\c1ccccc1,32.8190782266,22.7433498385,train
553,C(=C\C(=O)C)(/Br)\c1ccccc1,29.4849249849,17.1235318665,train
554,C(=C\C=O)(/Br)\c1ccccc1,27.2377291325,16.8549327116,train
555,C(=C\C(=O)N)(/Br)\c1ccccc1,33.5757589864,21.0506618579,train
556,C(=C\C(=O)NC)(/Br)\c1ccccc1,30.1706148054,22.7176031252,train
557,C(=C\C(=O)Nc1ccccc1)(/Br)\c1ccccc1,29.4992234255,19.102119439,train
558,C(=C\C(=O)N(C)C)(/Br)\c1ccccc1,32.084615627,21.7057064476,train
559,C(=C\C(=O)OC)(/Br)\c1ccccc1,25.6794253632,19.6009455451,test
560,C(=C\C(=O)c1ccccc1)(/Br)\c1ccccc1,28.6684242184,16.7407322619,train
561,C(=C(\C(=O)C)/C)/Br,19.8695226003,14.983078225,train
562,C(=C(\C=O)/C)/Br,17.4438685787,10.1656691675,train
563,C(=C(\C(=O)N)/C)/Br,20.2414935805,16.1793434614,train
564,C(=C(\C(=O)NC)/C)/Br,21.0862493233,17.191867648,test
565,C(=C(\C(=O)Nc1ccccc1)/C)/Br,19.0099040876,13.0486547698,test
566,C(=C(\C(=O)N(C)C)/C)/Br,26.1430039093,23.2714116114,test
567,C(=C(\C(=O)OC)/C)/Br,14.3545589977,15.8651557428,train
568,C(=C(\C(=O)c1ccccc1)/C)/Br,20.5025259337,16.2553725097,test
569,C(=C(\C(=O)C)/Cl)/Br,14.8443836312,10.8974895413,test
570,C(=C(\C=O)/Cl)/Br,14.6538487437,8.9122440937,test
571,C(=C(\C(=O)N)/Cl)/Br,17.8496686458,12.693936214,train
572,C(=C(\C(=O)NC)/Cl)/Br,16.7993898343,14.3969718263,train
573,C(=C(\C(=O)Nc1ccccc1)/Cl)/Br,17.8954174615,11.8127246595,train
574,C(=C(\C(=O)N(C)C)/Cl)/Br,19.017592142,17.5907691458,train
575,C(=C(\C(=O)OC)/Cl)/Br,15.3013739976,12.3281170163,train
576,C(=C(\C(=O)c1ccccc1)/Cl)/Br,16.759231313,10.9034195062,train
577,C(=C(\C(=O)C)/Br)/Br,13.9205325888,10.7483179887,train
578,C(=C(\C=O)/Br)/Br,14.1091242224,8.404745806,train
579,C(=C(\C(=O)N)/Br)/Br,14.84032763,8.7060758562,train
580,C(=C(\C(=O)NC)/Br)/Br,15.0051157417,9.7885485241,train
581,C(=C(\C(=O)Nc1ccccc1)/Br)/Br,13.3260513854,6.7084559208,train
582,C(=C(\C(=O)N(C)C)/Br)/Br,16.7679088664,17.5412084477,train
583,C(=C(\C(=O)OC)/Br)/Br,12.6049117254,11.8495406394,train
584,C(=C(\C(=O)c1ccccc1)/Br)/Br,15.5792169943,9.3718822332,train
585,C(=C(\C(=O)C)/c1ccccc1)/Br,20.2447488606,13.5867943442,train
586,C(=C(\C=O)/c1ccccc1)/Br,14.2993884247,9.9494984288,train
587,C(=C(\C(=O)N)/c1ccccc1)/Br,19.9189312845,15.7337803592,train
588,C(=C(\C(=O)NC)/c1ccccc1)/Br,19.4258876033,16.9455325289,train
589,C(=C(\C(=O)Nc1ccccc1)/c1ccccc1)/Br,18.1000433608,14.0409292258,train
590,C(=C(\C(=O)N(C)C)/c1ccccc1)/Br,20.8074324276,16.5368920844,train
591,C(=C(\C(=O)OC)/c1ccccc1)/Br,12.0196061135,12.2388161426,train
592,C(=C(\C(=O)c1ccccc1)/c1ccccc1)/Br,18.3300402456,10.9281057289,train
593,C(=C\C(=O)C)/Br,19.3092073469,12.7037379119,train
594,C(=C\C=O)/Br,13.6065848847,11.9128124205,train
595,C(=C\C(=O)N)/Br,19.0200106319,14.4432820254,train
596,C(=C\C(=O)NC)/Br,19.6575336221,15.1876337637,train
597,C(=C\C(=O)Nc1ccccc1)/Br,17.9143339157,11.3360935637,train
598,C(=C\C(=O)N(C)C)/Br,19.7390805055,16.3458782008,train
599,C(=C\C(=O)OC)/Br,19.1411755782,13.8264151118,train
600,C(=C\C(=O)c1ccccc1)/Br,19.6823570526,11.1575231923,train
601,C(=C(\C(=O)C)/C)(/c1ccccc1)\C,33.0119787928,25.4034390556,train
602,C(=C(\C=O)/C)(/c1ccccc1)\C,28.969792171,18.4285652023,train
603,C(=C(\C(=O)N)/C)(/c1ccccc1)\C,36.7018292932,29.7206050906,train
604,C(=C(\C(=O)NC)/C)(/c1ccccc1)\C,37.0336726544,29.2385698829,test
605,C(=C(\C(=O)Nc1ccccc1)/C)(/c1ccccc1)\C,34.265624569,26.2074976926,train
606,C(=C(\C(=O)N(C)C)/C)(/c1ccccc1)\C,38.454242846,35.0851509539,train
607,C(=C(\C(=O)OC)/C)(/c1ccccc1)\C,31.3519313565,25.0154725381,train
608,C(=C(\C(=O)c1ccccc1)/C)(/c1ccccc1)\C,33.1879499016,25.1424497076,train
609,C(=C(\C(=O)C)/Cl)(/c1ccccc1)\C,26.7627409869,17.9304500643,train
610,C(=C(\C=O)/Cl)(/c1ccccc1)\C,22.2684454048,13.3622005458,train
611,C(=C(\C(=O)N)/Cl)(/c1ccccc1)\C,29.7105043565,23.139406836,train
612,C(=C(\C(=O)NC)/Cl)(/c1ccccc1)\C,29.8102456347,25.150714635,train
613,C(=C(\C(=O)Nc1ccccc1)/Cl)(/c1ccccc1)\C,28.9586718964,21.0972167858,train
614,C(=C(\C(=O)N(C)C)/Cl)(/c1ccccc1)\C,31.9096199437,27.1031727129,train
615,C(=C(\C(=O)OC)/Cl)(/c1ccccc1)\C,26.1454251297,19.4952101987,train
616,C(=C(\C(=O)c1ccccc1)/Cl)(/c1ccccc1)\C,27.3075175946,18.6538956967,train
617,C(=C(\C(=O)C)/Br)(/c1ccccc1)\C,28.0698598632,16.4660901907,train
618,C(=C(\C=O)/Br)(/c1ccccc1)\C,21.5991637088,15.5339123164,test
619,C(=C(\C(=O)N)/Br)(/c1ccccc1)\C,27.8711365989,21.8800976059,train
620,C(=C(\C(=O)NC)/Br)(/c1ccccc1)\C,28.0151892183,23.4316712557,train
621,C(=C(\C(=O)Nc1ccccc1)/Br)(/c1ccccc1)\C,26.6252439822,20.0309589626,train
622,C(=C(\C(=O)N(C)C)/Br)(/c1ccccc1)\C,30.8637274933,26.5844796566,train
623,C(=C(\C(=O)OC)/Br)(/c1ccccc1)\C,26.4344996967,18.1678645087,train
624,C(=C(\C(=O)c1ccccc1)/Br)(/c1ccccc1)\C,27.3496215231,19.0229528438,train
625,C(=C(\C(=O)C)/c1ccccc1)(/c1ccccc1)\C,31.2939170906,22.3147721632,train
626,C(=C(\C=O)/c1ccccc1)(/c1ccccc1)\C,27.3945020258,14.4369586124,train
627,C(=C(\C(=O)N)/c1ccccc1)(/c1ccccc1)\C,33.1294592586,25.4825579601,train
628,C(=C(\C(=O)NC)/c1ccccc1)(/c1ccccc1)\C,33.5421243357,27.6509294979,train
629,C(=C(\C(=O)Nc1ccccc1)/c1ccccc1)(/c1ccccc1)\C,31.3076923801,22.8446687736,train
630,C(=C(\C(=O)N(C)C)/c1ccccc1)(/c1ccccc1)\C,36.476962894,37.0084267037,train
631,C(=C(\C(=O)OC)/c1ccccc1)(/c1ccccc1)\C,29.0991468294,21.0677709037,train
632,C(=C(\C(=O)c1ccccc1)/c1ccccc1)(/c1ccccc1)\C,32.2267994899,21.7880789889,train
633,C(=C\C(=O)C)(/c1ccccc1)\C,28.8390975229,16.9605406732,train
634,C(=C\C=O)(/c1ccccc1)\C,25.4375409189,15.4268453952,train
635,C(=C\C(=O)N)(/c1ccccc1)\C,31.8117953729,23.895905275,train
636,C(=C\C(=O)NC)(/c1ccccc1)\C,31.3422915091,24.1718588413,train
637,C(=C\C(=O)Nc1ccccc1)(/c1ccccc1)\C,29.746174968,17.5213220448,train
638,C(=C\C(=O)N(C)C)(/c1ccccc1)\C,32.7492342865,22.4043717311,train
639,C(=C\C(=O)OC)(/c1ccccc1)\C,25.2098869425,19.0101284327,train
640,C(=C\C(=O)c1ccccc1)(/c1ccccc1)\C,28.3428680651,13.5309221557,train
641,C(=C(\C(=O)C)/C)(/c1ccccc1)\Cl,33.8780717595,20.5548678774,train
642,C(=C(\C=O)/C)(/c1ccccc1)\Cl,24.3742826252,18.5243030676,train
643,C(=C(\C(=O)N)/C)(/c1ccccc1)\Cl,30.4242969767,25.3651358773,train
644,C(=C(\C(=O)NC)/C)(/c1ccccc1)\Cl,30.936307725,27.9518730015,train
645,C(=C(\C(=O)Nc1ccccc1)/C)(/c1ccccc1)\Cl,28.6504301534,21.1583424837,train
646,C(=C(\C(=O)N(C)C)/C)(/c1ccccc1)\Cl,37.1802052546,33.4908865788,train
647,C(=C(\C(=O)OC)/C)(/c1ccccc1)\Cl,28.1686967879,24.228928318,train
648,C(=C(\C(=O)c1ccccc1)/C)(/c1ccccc1)\Cl,34.0476312892,22.9553852901,train
649,C(=C(\C(=O)C)/Cl)(/c1ccccc1)\Cl,28.8659526806,18.0878821513,train
650,C(=C(\C=O)/Cl)(/c1ccccc1)\Cl,20.7234054886,13.1530848961,test
651,C(=C(\C(=O)N)/Cl)(/c1ccccc1)\Cl,26.0749832229,20.1974811518,train
652,C(=C(\C(=O)NC)/Cl)(/c1ccccc1)\Cl,26.1158820426,21.2532470165,train
653,C(=C(\C(=O)Nc1ccccc1)/Cl)(/c1ccccc1)\Cl,24.076769922,18.2581254715,train
654,C(=C(\C(=O)N(C)C)/Cl)(/c1ccccc1)\Cl,29.3525243956,29.3719206664,train
655,C(=C(\C(=O)OC)/Cl)(/c1ccccc1)\Cl,24.5669749676,18.4874237083,train
656,C(=C(\C(=O)c1ccccc1)/Cl)(/c1ccccc1)\Cl,28.0414444942,21.0338822545,train
657,C(=C(\C(=O)C)/Br)(/c1ccccc1)\Cl,27.5322297262,19.1648578365,train
658,C(=C(\C=O)/Br)(/c1ccccc1)\Cl,20.5167668839,12.1472876104,train
659,C(=C(\C(=O)N)/Br)(/c1ccccc1)\Cl,24.2138721224,20.5445629169,train
660,C(=C(\C(=O)NC)/Br)(/c1ccccc1)\Cl,24.3126809789,21.2570622737,train
661,C(=C(\C(=O)Nc1ccccc1)/Br)(/c1ccccc1)\Cl,22.5402269029,18.3999426126,train
662,C(=C(\C(=O)N(C)C)/Br)(/c1ccccc1)\Cl,28.3743935572,29.2309318378,train
663,C(=C(\C(=O)OC)/Br)(/c1ccccc1)\Cl,22.6388932934,18.4804520782,train
664,C(=C(\C(=O)c1ccccc1)/Br)(/c1ccccc1)\Cl,26.2294801289,22.2274366493,train
665,C(=C(\C(=O)C)/c1ccccc1)(/c1ccccc1)\Cl,32.4288479088,22.718117683,test
666,C(=C(\C=O)/c1ccccc1)(/c1ccccc1)\Cl,23.6658857527,15.0900434902,train
667,C(=C(\C(=O)N)/c1ccccc1)(/c1ccccc1)\Cl,28.4806024041,22.915161933,test
668,C(=C(\C(=O)NC)/c1ccccc1)(/c1ccccc1)\Cl,26.4843675395,24.7995854337,train
669,C(=C(\C(=O)Nc1ccccc1)/c1ccccc1)(/c1ccccc1)\Cl,27.8615316296,18.8177258701,train
670,C(=C(\C(=O)N(C)C)/c1ccccc1)(/c1ccccc1)\Cl,29.9742322169,27.0672791711,train
671,C(=C(\C(=O)OC)/c1ccccc1)(/c1ccccc1)\Cl,25.0249372866,21.1880927079,train
672,C(=C(\C(=O)c1ccccc1)/c1ccccc1)(/c1ccccc1)\Cl,29.683679606,24.7153234616,train
673,C(=C\C(=O)C)(/c1ccccc1)\Cl,26.7988653712,14.7338226769,train
674,C(=C\C=O)(/c1ccccc1)\Cl,22.8802495301,15.9403294951,train
675,C(=C\C(=O)N)(/c1ccccc1)\Cl,25.301419601,18.9212304206,train
676,C(=C\C(=O)NC)(/c1ccccc1)\Cl,25.7038252474,21.9242177966,train
677,C(=C\C(=O)Nc1ccccc1)(/c1ccccc1)\Cl,23.5833059901,18.2002439977,train
678,C(=C\C(=O)N(C)C)(/c1ccccc1)\Cl,31.3408356471,21.5407906829,train
679,C(=C\C(=O)OC)(/c1ccccc1)\Cl,24.651924851,20.4706824614,train
680,C(=C\C(=O)c1ccccc1)(/c1ccccc1)\Cl,27.0472861421,13.9451461796,train
681,C(=C(\C(=O)C)/C)(/c1ccccc1)\Br,36.8821864394,21.2795647638,train
682,C(=C(\C=O)/C)(/c1ccccc1)\Br,28.4317080483,18.1969119221,train
683,C(=C(\C(=O)N)/C)(/c1ccccc1)\Br,33.4957518526,24.2956074744,train
684,C(=C(\C(=O)NC)/C)(/c1ccccc1)\Br,33.8598073641,24.8222761762,train
685,C(=C(\C(=O)Nc1ccccc1)/C)(/c1ccccc1)\Br,31.7215284552,21.1689348435,test
686,C(=C(\C(=O)N(C)C)/C)(/c1ccccc1)\Br,40.138388189,33.9872402979,train
687,C(=C(\C(=O)OC)/C)(/c1ccccc1)\Br,32.4591791111,24.300451848,train
688,C(=C(\C(=O)c1ccccc1)/C)(/c1ccccc1)\Br,36.2078702153,23.2365471851,train
689,C(=C(\C(=O)C)/Cl)(/c1ccccc1)\Br,32.5281309104,18.1419734676,train
690,C(=C(\C=O)/Cl)(/c1ccccc1)\Br,25.1649372347,12.7193377977,test
691,C(=C(\C(=O)N)/Cl)(/c1ccccc1)\Br,29.2257530608,21.4144479253,train
692,C(=C(\C(=O)NC)/Cl)(/c1ccccc1)\Br,28.612480923,21.8513011959,train
693,C(=C(\C(=O)Nc1ccccc1)/Cl)(/c1ccccc1)\Br,26.7966741069,18.7838591842,train
694,C(=C(\C(=O)N(C)C)/Cl)(/c1ccccc1)\Br,32.4683578048,29.7304733048,train
695,C(=C(\C(=O)OC)/Cl)(/c1ccccc1)\Br,26.6100830028,18.6941316043,train
696,C(=C(\C(=O)c1ccccc1)/Cl)(/c1ccccc1)\Br,32.4180239591,21.9728937069,train
697,C(=C(\C(=O)C)/Br)(/c1ccccc1)\Br,30.5324672093,18.9943823379,train
698,C(=C(\C=O)/Br)(/c1ccccc1)\Br,22.5229811488,12.1935601591,train
699,C(=C(\C(=O)N)/Br)(/c1ccccc1)\Br,26.8909354779,21.7676165328,train
700,C(=C(\C(=O)NC)/Br)(/c1ccccc1)\Br,26.6170081364,21.3470847834,train
701,C(=C(\C(=O)Nc1ccccc1)/Br)(/c1ccccc1)\Br,24.8066269232,19.1550122128,train
702,C(=C(\C(=O)N(C)C)/Br)(/c1ccccc1)\Br,30.5126512104,29.3764010843,train
703,C(=C(\C(=O)OC)/Br)(/c1ccccc1)\Br,23.9990658572,18.5953616135,test
704,C(=C(\C(=O)c1ccccc1)/Br)(/c1ccccc1)\Br,29.1369455208,22.967584074,test
705,C(=C(\C(=O)C)/c1ccccc1)(/c1ccccc1)\Br,36.8644569042,22.8748318993,train
706,C(=C(\C=O)/c1ccccc1)(/c1ccccc1)\Br,25.8759186203,16.7131720456,test
707,C(=C(\C(=O)N)/c1ccccc1)(/c1ccccc1)\Br,31.4294124066,20.8299165747,train
708,C(=C(\C(=O)NC)/c1ccccc1)(/c1ccccc1)\Br,29.3538053733,24.7170993132,train
709,C(=C(\C(=O)Nc1ccccc1)/c1ccccc1)(/c1ccccc1)\Br,29.5899806418,17.6925825579,train
710,C(=C(\C(=O)N(C)C)/c1ccccc1)(/c1ccccc1)\Br,32.4578447364,27.8033289587,train
711,C(=C(\C(=O)OC)/c1ccccc1)(/c1ccccc1)\Br,29.4295977199,21.9115985814,train
712,C(=C(\C(=O)c1ccccc1)/c1ccccc1)(/c1ccccc1)\Br,32.6344653764,21.1358588188,train
713,C(=C\C(=O)C)(/c1ccccc1)\Br,30.3612624358,13.696188071,train
714,C(=C\C=O)(/c1ccccc1)\Br,25.1531154995,15.8540676501,train
715,C(=C\C(=O)N)(/c1ccccc1)\Br,29.4619825452,18.8095619721,train
716,C(=C\C(=O)NC)(/c1ccccc1)\Br,28.4244550668,21.7033972129,train
717,C(=C\C(=O)Nc1ccccc1)(/c1ccccc1)\Br,26.7200991571,17.6403172941,train
718,C(=C\C(=O)N(C)C)(/c1ccccc1)\Br,33.1645524674,22.3314902708,train
719,C(=C\C(=O)OC)(/c1ccccc1)\Br,27.2877478398,20.698239987,train
720,C(=C\C(=O)c1ccccc1)(/c1ccccc1)\Br,29.4663903783,14.0131305562,train
721,C(=C(C(=O)C)C)(c1ccccc1)c1ccccc1,40.4511122123,26.8021909314,train
722,C(=C(C=O)C)(c1ccccc1)c1ccccc1,33.2516266868,22.9508948323,train
723,C(=C(C(=O)N)C)(c1ccccc1)c1ccccc1,37.8791693718,31.0050743134,train
724,C(=C(C(=O)NC)C)(c1ccccc1)c1ccccc1,38.5744963378,32.6260762396,train
725,C(=C(C(=O)Nc1ccccc1)C)(c1ccccc1)c1ccccc1,36.045449445,27.5836686398,train
726,C(=C(C(=O)N(C)C)C)(c1ccccc1)c1ccccc1,44.6648760426,41.2898617219,train
727,C(=C(C(=O)OC)C)(c1ccccc1)c1ccccc1,34.9662103151,26.9344423179,train
728,C(=C(C(=O)c1ccccc1)C)(c1ccccc1)c1ccccc1,41.0345315872,31.8229990273,train
729,C(=C(C(=O)C)Cl)(c1ccccc1)c1ccccc1,34.7537350558,21.5369691502,train
730,C(=C(C=O)Cl)(c1ccccc1)c1ccccc1,28.8574261422,16.2861141984,train
731,C(=C(C(=O)N)Cl)(c1ccccc1)c1ccccc1,35.4451784153,25.7336395609,train
732,C(=C(C(=O)NC)Cl)(c1ccccc1)c1ccccc1,33.7156820994,25.968566558,train
733,C(=C(C(=O)Nc1ccccc1)Cl)(c1ccccc1)c1ccccc1,33.2683591505,24.4234625301,test
734,C(=C(C(=O)N(C)C)Cl)(c1ccccc1)c1ccccc1,35.9335606009,29.7784464038,train
735,C(=C(C(=O)OC)Cl)(c1ccccc1)c1ccccc1,30.0024598462,21.5685705273,train
736,C(=C(C(=O)c1ccccc1)Cl)(c1ccccc1)c1ccccc1,33.1426697574,24.7164529784,train
737,C(=C(C(=O)C)Br)(c1ccccc1)c1ccccc1,35.1295982763,22.5090315264,train
738,C(=C(C=O)Br)(c1ccccc1)c1ccccc1,28.5202444634,15.6649802207,train
739,C(=C(C(=O)N)Br)(c1ccccc1)c1ccccc1,32.4310166337,24.6669236555,train
740,C(=C(C(=O)NC)Br)(c1ccccc1)c1ccccc1,33.9730677971,27.6991874863,train
741,C(=C(C(=O)Nc1ccccc1)Br)(c1ccccc1)c1ccccc1,32.510094647,24.6619914312,train
742,C(=C(C(=O)N(C)C)Br)(c1ccccc1)c1ccccc1,33.7044374018,29.290382085,train
743,C(=C(C(=O)OC)Br)(c1ccccc1)c1ccccc1,30.4631947248,23.5561126601,train
744,C(=C(C(=O)c1ccccc1)Br)(c1ccccc1)c1ccccc1,32.474184365,24.8304651752,train
745,C(=C(C(=O)C)c1ccccc1)(c1ccccc1)c1ccccc1,39.3320416943,23.1712052512,train
746,C(=C(C=O)c1ccccc1)(c1ccccc1)c1ccccc1,30.1335086352,19.9212056729,train
747,C(=C(C(=O)N)c1ccccc1)(c1ccccc1)c1ccccc1,36.3518437774,26.8616549839,train
748,C(=C(C(=O)NC)c1ccccc1)(c1ccccc1)c1ccccc1,37.9515289693,28.9781258408,train
749,C(=C(C(=O)Nc1ccccc1)c1ccccc1)(c1ccccc1)c1ccccc1,35.4680017356,23.6077441395,train
750,C(=C(C(=O)N(C)C)c1ccccc1)(c1ccccc1)c1ccccc1,38.0863322414,31.5266375978,train
751,C(=C(C(=O)OC)c1ccccc1)(c1ccccc1)c1ccccc1,31.8268156262,23.9048761504,test
752,C(=C(C(=O)c1ccccc1)c1ccccc1)(c1ccccc1)c1ccccc1,33.7041076313,22.7736648217,train
753,C(=CC(=O)C)(c1ccccc1)c1ccccc1,33.6549238957,18.7580585044,train
754,C(=CC=O)(c1ccccc1)c1ccccc1,30.6447742528,19.4446260326,train
755,C(=CC(=O)N)(c1ccccc1)c1ccccc1,38.5590092049,24.26118356,train
756,C(=CC(=O)NC)(c1ccccc1)c1ccccc1,35.0787022089,26.1884345824,train
757,C(=CC(=O)Nc1ccccc1)(c1ccccc1)c1ccccc1,33.3933663826,21.947716144,train
758,C(=CC(=O)N(C)C)(c1ccccc1)c1ccccc1,37.7787156712,26.3637142939,train
759,C(=CC(=O)OC)(c1ccccc1)c1ccccc1,30.9021951114,22.8313837705,train
760,C(=CC(=O)c1ccccc1)(c1ccccc1)c1ccccc1,32.7375989032,19.0788526426,train
761,C(=C(\C(=O)C)/C)/c1ccccc1,22.5805260104,16.8948008982,train
762,C(=C(\C=O)/C)/c1ccccc1,20.0707359733,14.7226153578,train
763,C(=C(\C(=O)N)/C)/c1ccccc1,23.654622601,19.118747185,train
764,C(=C(\C(=O)NC)/C)/c1ccccc1,24.1203500616,20.3032296757,train
765,C(=C(\C(=O)Nc1ccccc1)/C)/c1ccccc1,24.3209335584,17.3045539172,train
766,C(=C(\C(=O)N(C)C)/C)/c1ccccc1,29.0245129027,24.5799853557,train
767,C(=C(\C(=O)OC)/C)/c1ccccc1,15.5459044365,16.9520059168,train
768,C(=C(\C(=O)c1ccccc1)/C)/c1ccccc1,24.1233070809,15.1330649122,train
769,C(=C(\C(=O)C)/Cl)/c1ccccc1,16.562565843,11.836831691,train
770,C(=C(\C=O)/Cl)/c1ccccc1,15.9396605652,10.977501392,train
771,C(=C(\C(=O)N)/Cl)/c1ccccc1,20.6914790655,15.7685167737,train
772,C(=C(\C(=O)NC)/Cl)/c1ccccc1,20.1156763648,16.3556403655,train
773,C(=C(\C(=O)Nc1ccccc1)/Cl)/c1ccccc1,17.7811300155,13.291507211,test
774,C(=C(\C(=O)N(C)C)/Cl)/c1ccccc1,22.4403427874,19.2995527448,train
775,C(=C(\C(=O)OC)/Cl)/c1ccccc1,17.5383975088,12.5896742597,test
776,C(=C(\C(=O)c1ccccc1)/Cl)/c1ccccc1,18.2758459719,11.814669939,train
777,C(=C(\C(=O)C)/Br)/c1ccccc1,16.7434870317,11.3835332796,train
778,C(=C(\C=O)/Br)/c1ccccc1,14.5238445032,9.8684116543,train
779,C(=C(\C(=O)N)/Br)/c1ccccc1,18.5105774269,13.814134752,test
780,C(=C(\C(=O)NC)/Br)/c1ccccc1,20.0157135544,17.6955130275,test
781,C(=C(\C(=O)Nc1ccccc1)/Br)/c1ccccc1,18.0606256286,13.8163875109,train
782,C(=C(\C(=O)N(C)C)/Br)/c1ccccc1,21.0523788532,19.1686291685,train
783,C(=C(\C(=O)OC)/Br)/c1ccccc1,16.1703229807,11.6663768999,train
784,C(=C(\C(=O)c1ccccc1)/Br)/c1ccccc1,18.1246383271,11.1129386443,train
785,C(=C(\C(=O)C)/c1ccccc1)/c1ccccc1,21.0566184009,13.8438466977,train
786,C(=C(\C=O)/c1ccccc1)/c1ccccc1,17.8550962885,12.2966028626,test
787,C(=C(\C(=O)N)/c1ccccc1)/c1ccccc1,23.3680873372,18.710171374,train
788,C(=C(\C(=O)NC)/c1ccccc1)/c1ccccc1,22.6304047047,19.7659466514,train
789,C(=C(\C(=O)Nc1ccccc1)/c1ccccc1)/c1ccccc1,23.7832976645,14.5014578013,train
790,C(=C(\C(=O)N(C)C)/c1ccccc1)/c1ccccc1,26.3473967016,22.7526131338,train
791,C(=C(\C(=O)OC)/c1ccccc1)/c1ccccc1,19.4565865086,15.0197806268,train
792,C(=C(\C(=O)c1ccccc1)/c1ccccc1)/c1ccccc1,23.3887704,14.1721891476,train
793,C(=C\C(=O)C)/c1ccccc1,22.0187645354,15.2373187087,train
794,C(=C\C=O)/c1ccccc1,18.9201401031,11.6300403365,train
795,C(=C\C(=O)N)/c1ccccc1,21.8065350743,18.4501659609,train
796,C(=C\C(=O)NC)/c1ccccc1,23.5202257159,19.4414225968,train
797,C(=C\C(=O)Nc1ccccc1)/c1ccccc1,20.9141454809,15.0155355253,train
798,C(=C\C(=O)N(C)C)/c1ccccc1,23.1114812681,19.3020728229,train
799,C(=C\C(=O)OC)/c1ccccc1,21.0761445235,16.615443093,train
800,C(=C\C(=O)c1ccccc1)/c1ccccc1,20.0585119761,12.4755070686,train
801,C(=C(\C(=O)C)/C)\C,20.0116257509,15.6881616755,train
802,C(=C(\C=O)/C)\C,18.650036233,12.7515629191,train
803,C(=C(\C(=O)N)/C)\C,25.3052815523,21.3742327255,train
804,C(=C(\C(=O)NC)/C)\C,25.5415674111,22.4666796567,train
805,C(=C(\C(=O)Nc1ccccc1)/C)\C,23.2498173324,20.443268455,train
806,C(=C(\C(=O)N(C)C)/C)\C,26.141216304,26.9435481079,train
807,C(=C(\C(=O)OC)/C)\C,17.6021354844,16.8645681192,train
808,C(=C(\C(=O)c1ccccc1)/C)\C,19.7158669021,16.7084983554,train
809,C(=C(\C(=O)C)/Cl)\C,13.307579014,10.0134316041,test
810,C(=C(\C=O)/Cl)\C,11.2248613565,7.6002573253,train
811,C(=C(\C(=O)N)/Cl)\C,16.8526406045,13.9353062035,train
812,C(=C(\C(=O)NC)/Cl)\C,17.0858457071,14.3610098859,train
813,C(=C(\C(=O)Nc1ccccc1)/Cl)\C,14.4010326393,11.5342742332,train
814,C(=C(\C(=O)N(C)C)/Cl)\C,20.5436266472,19.7731830907,train
815,C(=C(\C(=O)OC)/Cl)\C,12.2508001439,11.5331183607,train
816,C(=C(\C(=O)c1ccccc1)/Cl)\C,16.2197050383,11.4786819138,train
817,C(=C(\C(=O)C)/Br)\C,13.4845713315,9.393794864,train
818,C(=C(\C=O)/Br)\C,10.8431276798,7.0044897905,train
819,C(=C(\C(=O)N)/Br)\C,15.8029522092,12.8168213943,train
820,C(=C(\C(=O)NC)/Br)\C,16.5787916717,13.7144172211,train
821,C(=C(\C(=O)Nc1ccccc1)/Br)\C,17.0488466202,11.7121097904,train
822,C(=C(\C(=O)N(C)C)/Br)\C,19.6134102726,20.2397188145,test
823,C(=C(\C(=O)OC)/Br)\C,13.2226822453,10.7949670439,train
824,C(=C(\C(=O)c1ccccc1)/Br)\C,15.4817784341,12.2975635798,train
825,C(=C(\C(=O)C)/c1ccccc1)\C,18.8805172787,13.6967848324,test
826,C(=C(\C=O)/c1ccccc1)\C,14.9846442543,8.9761182829,train
827,C(=C(\C(=O)N)/c1ccccc1)\C,25.5590216056,16.8978600068,train
828,C(=C(\C(=O)NC)/c1ccccc1)\C,21.0225426325,18.9775500233,train
829,C(=C(\C(=O)Nc1ccccc1)/c1ccccc1)\C,19.873250994,14.5317627439,train
830,C(=C(\C(=O)N(C)C)/c1ccccc1)\C,20.9376638939,19.6262285295,train
831,C(=C(\C(=O)OC)/c1ccccc1)\C,14.044255223,14.222853635,train
832,C(=C(\C(=O)c1ccccc1)/c1ccccc1)\C,19.2755819728,14.7167563019,train
833,C(=C\C(=O)C)\C,19.93514671,14.4710951279,train
834,C(=C\C=O)\C,18.7990421578,11.9292362262,train
835,C(=C\C(=O)N)\C,22.228882574,19.3633070799,test
836,C(=C\C(=O)NC)\C,22.449069935,20.6160538162,train
837,C(=C\C(=O)Nc1ccccc1)\C,21.7500129145,15.7655568115,train
838,C(=C\C(=O)N(C)C)\C,22.3837476952,18.7536125998,train
839,C(=C\C(=O)OC)\C,18.2469470858,15.8889565495,train
840,C(=C\C(=O)c1ccccc1)\C,18.3292816919,11.480843684,train
841,C(=C(\C(=O)C)/C)\Cl,18.9014747071,14.6126600101,train
842,C(=C(\C=O)/C)\Cl,13.630036145,11.4726935908,train
843,C(=C(\C(=O)N)/C)\Cl,21.6995765028,18.3310828604,train
844,C(=C(\C(=O)NC)/C)\Cl,21.7831360857,19.8630066792,test
845,C(=C(\C(=O)Nc1ccccc1)/C)\Cl,19.6592971595,15.126099557,train
846,C(=C(\C(=O)N(C)C)/C)\Cl,24.7246429741,23.3412408657,train
847,C(=C(\C(=O)OC)/C)\Cl,15.5883088593,16.2699062561,train
848,C(=C(\C(=O)c1ccccc1)/C)\Cl,22.4002860292,17.2423432554,train
849,C(=C(\C(=O)C)/Cl)\Cl,14.5473810508,9.2283645413,train
850,O=C/C(Cl)=C\Cl,14.2664147853,7.9900498954,train
851,C(=C(\C(=O)N)/Cl)\Cl,13.2153978155,13.2994389307,train
852,C(=C(\C(=O)NC)/Cl)\Cl,16.4983566217,14.1304246271,train
853,C(=C(\C(=O)Nc1ccccc1)/Cl)\Cl,12.8594547378,10.8545490682,train
854,C(=C(\C(=O)N(C)C)/Cl)\Cl,17.8678478839,21.1874149975,train
855,C(=C(\C(=O)OC)/Cl)\Cl,11.7447393027,10.9701990642,train
856,C(=C(\C(=O)c1ccccc1)/Cl)\Cl,15.8578820843,13.5175235736,train
857,C(=C(\C(=O)C)/Br)\Cl,14.5455476052,9.8031443942,train
858,C(=C(\C=O)/Br)\Cl,11.3174749493,7.394518304,train
859,C(=C(\C(=O)N)/Br)\Cl,10.7841657483,12.9367447297,train
860,C(=C(\C(=O)NC)/Br)\Cl,16.1792835507,13.9012707172,train
861,C(=C(\C(=O)Nc1ccccc1)/Br)\Cl,12.426167717,8.7614221915,test
862,C(=C(\C(=O)N(C)C)/Br)\Cl,16.5665868739,20.6902329663,train
863,COC(=O)/C(Br)=C\Cl,7.2916720486,11.461080901,train
864,C(=C(\C(=O)c1ccccc1)/Br)\Cl,14.1858593433,11.5044920059,train
865,C(=C(\C(=O)C)/c1ccccc1)\Cl,19.1633746625,12.372006911,train
866,C(=C(\C=O)/c1ccccc1)\Cl,12.9238170575,8.4287204334,test
867,C(=C(\C(=O)N)/c1ccccc1)\Cl,16.4273566902,14.1741093265,train
868,C(=C(\C(=O)NC)/c1ccccc1)\Cl,16.484884064,16.250333608,test
869,C(=C(\C(=O)Nc1ccccc1)/c1ccccc1)\Cl,14.9984462115,12.9148195489,train
870,C(=C(\C(=O)N(C)C)/c1ccccc1)\Cl,19.2234318759,20.0132694705,train
871,C(=C(\C(=O)OC)/c1ccccc1)\Cl,14.920463016,13.6960531562,train
872,C(=C(\C(=O)c1ccccc1)/c1ccccc1)\Cl,19.2729304666,16.5486516122,train
873,C(=C\C(=O)C)\Cl,17.1587234553,12.0670818598,train
874,C(=C\C=O)\Cl,11.8781357045,9.3165195823,train
875,C(=C\C(=O)N)\Cl,17.087634375,14.8965804367,train
876,C(=C\C(=O)NC)\Cl,17.075000241,17.4740856417,train
877,C(=C\C(=O)Nc1ccccc1)\Cl,18.5635362573,13.5233644317,test
878,C(=C\C(=O)N(C)C)\Cl,22.1127593003,16.0801429985,train
879,C(=C\C(=O)OC)\Cl,15.7890556856,15.3619828783,train
880,C(=C\C(=O)c1ccccc1)\Cl,18.2000776085,9.9458889944,train
881,C(=C(\C(=O)C)/C)\Br,22.4396536249,14.3862225889,test
882,C(=C(\C=O)/C)\Br,16.8859674965,11.2875494308,train
883,C(=C(\C(=O)N)/C)\Br,23.6169440075,18.8720681907,train
884,C(=C(\C(=O)NC)/C)\Br,23.6988921077,18.5373420873,train
885,C(=C(\C(=O)Nc1ccccc1)/C)\Br,21.0279361504,14.6049912169,train
886,C(=C(\C(=O)N(C)C)/C)\Br,26.6754320539,25.9661255461,train
887,C(=C(\C(=O)OC)/C)\Br,19.6565558788,16.1345957606,train
888,C(=C(\C(=O)c1ccccc1)/C)\Br,24.5110211891,17.3975464288,train
889,C(=C(\C(=O)C)/Cl)\Br,18.2025114986,9.0329769158,train
890,C(=C(\C=O)/Cl)\Br,14.2432192478,7.98540005,train
891,C(=C(\C(=O)N)/Cl)\Br,19.0077262204,12.8179948371,train
892,C(=C(\C(=O)NC)/Cl)\Br,18.5426972605,13.6443181377,train
893,C(=C(\C(=O)Nc1ccccc1)/Cl)\Br,16.4493430087,9.3572926378,train
894,C(=C(\C(=O)N(C)C)/Cl)\Br,21.0466644564,18.7434914997,train
895,C(=C(\C(=O)OC)/Cl)\Br,14.8134846649,10.7892880827,train
896,C(=C(\C(=O)c1ccccc1)/Cl)\Br,18.4580675522,13.998603712,train
897,C(=C(\C(=O)C)/Br)\Br,15.167597009,9.066849878,train
898,C(=C(\C=O)/Br)\Br,14.0271957725,4.952069453,train
899,C(=C(\C(=O)N)/Br)\Br,15.7274961858,13.0127926042,train
900,C(=C(\C(=O)NC)/Br)\Br,16.1679739912,12.5068693652,train
901,C(=C(\C(=O)Nc1ccccc1)/Br)\Br,14.1849754866,9.2497877145,train
902,C(=C(\C(=O)N(C)C)/Br)\Br,18.3028799848,21.00079368,train
903,C(=C(\C(=O)OC)/Br)\Br,12.7955171601,10.7424319504,test
904,C(=C(\C(=O)c1ccccc1)/Br)\Br,16.8160037522,14.6445556895,train
905,C(=C(\C(=O)C)/c1ccccc1)\Br,19.1506023722,13.2182768554,train
906,C(=C(\C=O)/c1ccccc1)\Br,15.1217249325,9.0919126059,train
907,C(=C(\C(=O)N)/c1ccccc1)\Br,18.7070296989,14.5583421626,train
908,C(=C(\C(=O)NC)/c1ccccc1)\Br,18.6269493958,16.3762120087,train
909,C(=C(\C(=O)Nc1ccccc1)/c1ccccc1)\Br,17.8092158189,11.5526972838,train
910,C(=C(\C(=O)N(C)C)/c1ccccc1)\Br,21.1906639088,19.6672983969,train
911,C(=C(\C(=O)OC)/c1ccccc1)\Br,17.0014476459,13.6049419186,train
912,C(=C(\C(=O)c1ccccc1)/c1ccccc1)\Br,21.6796063092,16.4732500734,train
913,C(=C\C(=O)C)\Br,20.4377817036,14.7759749982,train
914,C(=C\C=O)\Br,16.7275876454,8.7152814198,train
915,C(=C\C(=O)N)\Br,18.8395048416,17.2340864855,train
916,C(=C\C(=O)NC)\Br,19.4556624961,16.9002514453,train
917,C(=C\C(=O)Nc1ccccc1)\Br,19.8855245209,12.9474123913,train
918,C(=C\C(=O)N(C)C)\Br,23.5839110682,15.1708667106,train
919,C(=C\C(=O)OC)\Br,18.3139533733,11.9687486156,train
920,C(=C\C(=O)c1ccccc1)\Br,20.043513803,8.8093199893,train
921,C(=C(\C(=O)C)/C)\c1ccccc1,25.3379521109,18.3507301821,train
922,C(=C(\C=O)/C)\c1ccccc1,20.1424445619,12.9518200175,train
923,C(=C(\C(=O)N)/C)\c1ccccc1,28.8413045321,23.2127852838,train
924,C(=C(\C(=O)NC)/C)\c1ccccc1,29.1892024738,26.290515941,train
925,C(=C(\C(=O)Nc1ccccc1)/C)\c1ccccc1,26.0147304544,20.9194628045,train
926,C(=C(\C(=O)N(C)C)/C)\c1ccccc1,30.0419037419,29.9188165082,train
927,C(=C(\C(=O)OC)/C)\c1ccccc1,21.7873093611,19.069039022,train
928,C(=C(\C(=O)c1ccccc1)/C)\c1ccccc1,26.620867308,20.4981328634,train
929,C(=C(\C(=O)C)/Cl)\c1ccccc1,18.8689839805,12.7443798182,train
930,C(=C(\C=O)/Cl)\c1ccccc1,16.4183803419,10.10522871,train
931,C(=C(\C(=O)N)/Cl)\c1ccccc1,20.4664662096,15.6952989682,train
932,C(=C(\C(=O)NC)/Cl)\c1ccccc1,23.4904179207,17.436152694,train
933,C(=C(\C(=O)Nc1ccccc1)/Cl)\c1ccccc1,21.4835992607,15.4525745383,test
934,C(=C(\C(=O)N(C)C)/Cl)\c1ccccc1,27.4519588135,26.7998409083,train
935,C(=C(\C(=O)OC)/Cl)\c1ccccc1,18.946466305,13.8627209278,train
936,C(=C(\C(=O)c1ccccc1)/Cl)\c1ccccc1,20.5566126024,15.814835758,train
937,C(=C(\C(=O)C)/Br)\c1ccccc1,19.6316464862,12.8709127108,train
938,C(=C(\C=O)/Br)\c1ccccc1,15.7802592424,9.3491475651,train
939,C(=C(\C(=O)N)/Br)\c1ccccc1,19.6073050964,15.9196925909,train
940,C(=C(\C(=O)NC)/Br)\c1ccccc1,20.7066516724,17.9269259708,train
941,C(=C(\C(=O)Nc1ccccc1)/Br)\c1ccccc1,19.8809968385,15.528346308,train
942,C(=C(\C(=O)N(C)C)/Br)\c1ccccc1,21.3826711107,22.4480627054,train
943,C(=C(\C(=O)OC)/Br)\c1ccccc1,17.5854241117,13.3343535577,train
944,C(=C(\C(=O)c1ccccc1)/Br)\c1ccccc1,19.8697840166,16.6635423214,train
945,C(=C(\C(=O)C)/c1ccccc1)\c1ccccc1,22.7814459993,15.8377887995,train
946,C(=C(\C=O)/c1ccccc1)\c1ccccc1,20.0832621877,11.0136465652,train
947,C(=C(\C(=O)N)/c1ccccc1)\c1ccccc1,24.3368552985,19.6989757028,train
948,C(=C(\C(=O)NC)/c1ccccc1)\c1ccccc1,23.0283315521,20.4236142308,train
949,C(=C(\C(=O)Nc1ccccc1)/c1ccccc1)\c1ccccc1,22.4885567796,15.6314523892,train
950,C(=C(\C(=O)N(C)C)/c1ccccc1)\c1ccccc1,23.0033358601,19.089044024,train
951,C(=C(\C(=O)OC)/c1ccccc1)\c1ccccc1,20.800641528,16.0392281258,train
952,C(=C(\C(=O)c1ccccc1)/c1ccccc1)\c1ccccc1,23.2943223877,16.8803267648,train
953,C(=C\C(=O)C)\c1ccccc1,21.9139680812,13.1350408613,train
954,C(=C\C=O)\c1ccccc1,19.7345264301,14.8165096004,train
955,C(=C\C(=O)N)\c1ccccc1,24.919172233,18.2452339169,train
956,C(=C\C(=O)NC)\c1ccccc1,25.1916595144,21.9451992034,train
957,C(=C\C(=O)Nc1ccccc1)\c1ccccc1,22.4332089951,17.8619812505,train
958,C(=C\C(=O)N(C)C)\c1ccccc1,26.5696964577,19.4722678249,train
959,C(=C\C(=O)OC)\c1ccccc1,21.883627025,17.8488945405,train
960,C(=C\C(=O)c1ccccc1)\c1ccccc1,22.0486743558,12.9138174163,train
961,C=C(C(=O)C)C,13.9840383205,12.4480798846,test
962,C=C(C=O)C,14.8103460705,10.4543536461,train
963,C=C(C(=O)N)C,17.1788182968,16.1470053881,train
964,C=C(C(=O)NC)C,17.6486398645,17.176787968,train
965,C=C(C(=O)Nc1ccccc1)C,14.6406687208,12.3261485187,train
966,C=C(C(=O)N(C)C)C,20.3605681965,22.2375226094,train
967,C=C(C)C(=O)OC,20.8609895902,14.0846773038,train
968,C=C(C(=O)c1ccccc1)C,13.4411327373,14.1176334739,train
969,C=C(C(=O)C)Cl,11.0671362863,9.9115824239,train
970,C=C(Cl)C=O,9.482332162,4.788718697,train
971,C=C(C(=O)N)Cl,13.0157214389,11.1615549408,train
972,C=C(C(=O)NC)Cl,14.5613052337,11.4237189864,train
973,C=C(C(=O)Nc1ccccc1)Cl,11.9547261472,8.7558957155,train
974,C=C(C(=O)N(C)C)Cl,15.2330851242,15.4775814188,train
975,C=C(Cl)C(=O)OC,17.0350332325,8.3366415756,train
976,C=C(C(=O)c1ccccc1)Cl,13.8055545044,8.3935115044,train
977,C=C(C(=O)C)Br,10.3180932009,9.3531385251,train
978,C=C(Br)C=O,9.4260517389,4.0013863251,test
979,C=C(C(=O)N)Br,11.1948828043,7.9332351875,train
980,C=C(C(=O)NC)Br,11.9002970545,10.6776353225,test
981,C=C(C(=O)Nc1ccccc1)Br,9.7940000377,7.8541878195,train
982,C=C(C(=O)N(C)C)Br,13.6627703325,15.1058943796,test
983,C=C(C(=O)OC)Br,8.9526355849,7.2933135762,train
984,C=C(C(=O)c1ccccc1)Br,13.184413644,8.3215380499,train
985,C=C(C(=O)C)c1ccccc1,12.023110389,8.533584169,train
986,C=C(C=O)c1ccccc1,9.212607173,5.883710179,train
987,C=C(C(=O)N)c1ccccc1,14.0518713333,11.4154502941,train
988,C=C(C(=O)NC)c1ccccc1,14.0736580133,14.7635798038,train
989,C=C(C(=O)Nc1ccccc1)c1ccccc1,12.6524347329,9.5204695739,train
990,C=C(C(=O)N(C)C)c1ccccc1,16.7850390944,15.6705995678,train
991,C=C(C(=O)OC)c1ccccc1,9.9587193642,9.0360247298,train
992,C=C(C(=O)c1ccccc1)c1ccccc1,16.7626999591,9.7288428799,test
993,C=CC(=O)C,14.1358625097,10.8466342912,train
994,C=CC=O,12.2516157007,10.5830922347,train
995,C=CC(=O)N,16.7156817028,15.0468275402,train
996,C=CC(=O)NC,17.0072572371,15.9482743926,train
997,C=CC(=O)Nc1ccccc1,14.7004229634,11.5517760999,train
998,C=CC(=O)N(C)C,16.2454626473,15.9697427468,train
999,C=CC(=O)OC,20.1488986607,12.7440528857,train
1000,C=CC(=O)c1ccccc1,15.5023616597,9.0942067807,train
A1,C=CC(=O)CC,14.4503247121,12.4642181732,lit_test
A2,C=CC(=O)CCC,17.3374659973,10.9865130555,lit_test
A3,C=CC(=O)CCCCC,17.4985137329,12.7121390088,lit_test
A6,C/C=C/C(=O)CCCC,22.97412951,15.2943059816,lit_test
A7,O=C1C=CCC1,17.5251030506,12.4803426567,lit_test
A8,C/C=C/C(=O)CC,21.0709373809,14.9345347198,lit_test
A9,CCC/C=C/C(C)=O,21.6735502814,14.4089221167,lit_test
B1,CCCC/C=C/C(C)=O,19.1501391062,13.4351428747,lit_test
B2,CCCCC/C=C/C(C)=O,22.6669144658,14.2857388693,lit_test
B5,CC1=CCCC1=O,18.496951174,13.7581176084,lit_test
B6,CC1=CC(=O)CC1,23.4214959614,16.310570125,lit_test
C4,C=C(C=O)CC,13.0676336206,10.2860907457,lit_test
C5,CC/C=C/C=O,19.4310090119,11.9839883103,lit_test
C6,CCC/C=C/C=O,19.1324443079,12.6916627472,lit_test
C7,CC/C=C\CC/C=C/C=O,21.9206676562,13.1474724515,lit_test
C8,CCCCC/C=C/C=O,19.2437788255,13.1549768372,lit_test
C9,CCCCCC/C=C/C=O,21.0197739399,12.3911666578,lit_test
D1,CC(C)/C=C/C=O,19.8140134674,11.9584022391,lit_test
D2,CCCCCCC/C=C/C=O,21.4130379739,13.1885906372,lit_test
D3,C/C=C/C=C/C=O,18.915494084,14.500612546,lit_test
D4,CC/C=C/C=C/C=O,18.8185069869,13.8382737861,lit_test
D6,CCCC/C=C/C=C/C=O,21.2227270025,17.4235541862,lit_test
D9,CC/C=C(\C)C=O,20.4045938123,13.8321762765,lit_test
E4,C#CCOC(=O)C=C,18.6923373571,11.0820996912,lit_test
E5,C=CC(=O)OCCO,14.1547712155,8.6357232586,lit_test
E6,C=CCOC(=O)C=C,19.9131580033,12.0011569696,lit_test
E7,C=CC(=O)OC[C@@H](C)O,14.3711429882,8.3324516949,lit_test
E9,C=CC(=O)OCC,20.351071683,12.6381882723,lit_test
F1,C=CC(=O)OCCC,20.1195008684,14.8248385336,lit_test
F2,C=CC(=O)OC(C)C,21.0939368882,14.9698672682,lit_test
F3,C=CC(=O)OCCCC,20.3732114923,14.7412266613,lit_test
F6,C=CC(=O)OC(C)(C)C,19.4224989451,14.6794684339,lit_test
F8,CCC/C=C/C(=O)OC,19.0939111228,15.8100472332,lit_test
F9,CCCCC/C=C/C(=O)OC,18.0473216145,15.4886230754,lit_test
G2,C#CCOC(=O)C(=C)C,19.180034227,12.7975254779,lit_test
G4,C/C=C/C(=O)OCC,18.6487702386,15.8728854044,lit_test
G6,C=C(C)C(=O)OCC,23.3421770588,13.8958515454,lit_test
